net_store,city,address,name,regular_price,prom_price,discount,link_to_image
Magnit,Москва,"Москва г, Пулковская ул, 2, помещ 4Н",Сливки Петмол для взбивания 33% ультрапастеризованные 500мл,"309,99",-,-,https://img-dostavka.magnit.ru/resize/416x416/uf/83c/83c3700c8627e4e28b6a5eb90a35e429/2cb4bb433034d45f5947edab16aea4fd.jpeg
Magnit,Москва,"Москва г, Пулковская ул, 2, помещ 4Н",Яйца С1 30шт цвет в ассортименте,"309,99",-,-,https://img-dostavka.magnit.ru/resize/416x416/uf/53d/53d3b1430be06d2615c9691f6bd97d70/ddf626538c393b55b4a68684b2f7bb12.png
Magnit,Москва,"Москва г, Пулковская ул, 2, помещ 4Н",Крем Альпенгурт взбитый Кулинар ультрапастеризованный 26.5% 250г,"299,99",-,-,https://img-dostavka.magnit.ru/resize/416x416/uf/341/34139f1f1cf9aa8dd9f773d76c237dda/1c54d1a3e7527562eae60b70a4abb7fa.png
Magnit,Москва,"Москва г, Пулковская ул, 2, помещ 4Н",Сливки Parmalat стерилизованные 23% 500мл,"259,99",-,-,https://img-dostavka.magnit.ru/resize/416x416/uf/537/537f5e5cf57df596641fcaf653a04aac/86f76cb3c9ed09cf107ea5ebea71d3dc.png
Magnit,Москва,"Москва г, Пулковская ул, 2, помещ 4Н",Сливки Простоквашино ультрапастеризованные 20% 500г,"219,99",-,-,https://img-dostavka.magnit.ru/resize/416x416/uf/1ad/1ad239d02d7ef7e05a6d65f896e9ad54/41e9e34b86c9114b3900874af3dbc315.png
Magnit,Москва,"Москва г, Пулковская ул, 2, помещ 4Н",Масло сливочное Вкуснотеево Традиционное 82.5% 200г,"214,99",-,-,https://img-dostavka.magnit.ru/resize/416x416/uf/f11/f1169973a512e77fe03fb90d54e53fc7/d5ffeb30af83147cfb26dec6eba1e0c8.jpeg
Magnit,Москва,"Москва г, Пулковская ул, 2, помещ 4Н",Майонез Mr.Ricco на перепелином яйце 67% 750г,"199,99",-,-,https://img-dostavka.magnit.ru/resize/416x416/uf/806/8067d15193f01423e276f3128f36bdf0/f98e7b66b6439722909ea925ee16376a.png
Magnit,Москва,"Москва г, Пулковская ул, 2, помещ 4Н",Масло сливочное Экомилк 82.5% 180г,"199,99",-,-,https://img-dostavka.magnit.ru/resize/416x416/uf/a8c/a8c3c7d83cda0ac21a3f825a3763ebec/e11abc8df0359502fb2feeb263a3c6a7.jpeg
Magnit,Москва,"Москва г, Пулковская ул, 2, помещ 4Н",Напиток миндальный Planto Almond обогащенный кальцием ультрапастеризованный 1л,"199,99",-,-,https://img-dostavka.magnit.ru/resize/416x416/uf/4c8/4c868a23827ecd9a3729580ad2729824/f6d99f9c9c427097d26694d939db011a.png
Magnit,Москва,"Москва г, Пулковская ул, 2, помещ 4Н",Майонез Слобода Оливковый 67% 800мл,"199,99",-,-,https://img-dostavka.magnit.ru/resize/416x416/uf/f45/f45ec4d409f2308970f6828cda598014/02bd27e38aac6f82575c344bb19a9592.jpeg
Magnit,Москва,"Москва г, Пулковская ул, 2, помещ 4Н",Напиток кокосовый Planto с рисом обогащенный кальцием ультрапастеризованный 1л,"199,99",-,-,https://img-dostavka.magnit.ru/resize/416x416/uf/3eb/3eb92eca2ccb9ad577216ae8230f0a1c/452ccce09c8f9c9e31ae57931a9b1617.png
Magnit,Москва,"Москва г, Пулковская ул, 2, помещ 4Н",Сливки Домик в деревне 20% ультрапастеризованные 480мл,"198,99",-,-,https://img-dostavka.magnit.ru/resize/416x416/uf/bf2/bf2fc9433e6db7df8afe91c576ce0fd0/cb02ff6d09f20436410e72a618be4a78.png
Magnit,Москва,"Москва г, Пулковская ул, 2, помещ 4Н",Молоко Домик в деревне ультрапастеризованное 6% 928мл,"189,99",-,-,https://img-dostavka.magnit.ru/resize/416x416/uf/074/0744f08fce1df884207172b700b84d60/20c83c3effa8df52588396d250498d10.jpeg
Magnit,Москва,"Москва г, Пулковская ул, 2, помещ 4Н",Творог Искренне Ваш 9% 500г,"219,99","179,99",18,https://img-dostavka.magnit.ru/resize/416x416/uf/25c/25c66ad433c7b31fdaafbfaf4e0b8ebd/f446867e0f15b9988822f5642d02ddfd.jpeg
Magnit,Москва,"Москва г, Пулковская ул, 2, помещ 4Н",Сливки Эконива ультрапастеризованные 10% 1л,"179,99",-,-,https://img-dostavka.magnit.ru/resize/416x416/uf/375/375057be8a7ae5dde83d535ecd51608e/cb2f64f1edc004075220f4086a15975e.png
Magnit,Москва,"Москва г, Пулковская ул, 2, помещ 4Н",Творог Вкуснотеево 5% 450г,"179,99",-,-,https://img-dostavka.magnit.ru/resize/416x416/uf/0a3/0a361b539e31addb964d660f4ed3e6d3/e688fe267a088b2c1af5fd83af100851.jpeg
Magnit,Москва,"Москва г, Пулковская ул, 2, помещ 4Н",Молоко сгущенное Рогачевъ с сахаром 8.5% 380г,"169,99",-,-,https://img-dostavka.magnit.ru/resize/416x416/uf/b18/b181fb8a99649617d237cf77fb762ba1/02166062f93fca3396242a0a1be6ae3a.png
Magnit,Москва,"Москва г, Пулковская ул, 2, помещ 4Н",Масло сливочное Северное молоко Традиционное 82.5% 180г,"189,99","169,99",10,https://img-dostavka.magnit.ru/resize/416x416/uf/996/9966d1e2f12088ee39457378743bfa69/0bba69d056226d855f005cc1eb293c01.jpeg
Magnit,Москва,"Москва г, Пулковская ул, 2, помещ 4Н",Масло сливочное Эконива 82.5% 180г,"229,99","169,99",26,https://img-dostavka.magnit.ru/resize/416x416/uf/1da/1dafd35b626f0615f081501275eab766/076bdac0b375dbaf9ab4ac930d429e4c.jpeg
Magnit,Москва,"Москва г, Пулковская ул, 2, помещ 4Н",Молоко сгущенное Алексеевское вареное 8.5% 360г,"169,99",-,-,https://img-dostavka.magnit.ru/resize/416x416/uf/5f4/5f4fd90a063460ad6dfab9b58a142a79/715efd31f2a4cf2a6a808129c8e7da07.jpeg
Magnit,Москва,"Москва г, Пулковская ул, 2, помещ 4Н",Масло сливочное Коровка из Кореновки 82.5% 170г,"164,99",-,-,https://img-dostavka.magnit.ru/resize/416x416/uf/a00/a00bbbfc3ed61ee5fe132fca2f3d71b3/c0fbaf2cb1bf1023d16bd38e731db038.png
Magnit,Москва,"Москва г, Пулковская ул, 2, помещ 4Н",Масло сладко-сливочное Брест-Литовск 82.5% 180г,"214,99","164,99",23,https://img-dostavka.magnit.ru/resize/416x416/uf/206/206dd08ccb504a72a8d21f2e18cda8df/38e05c0dd15b4922931b73d1798cf779.jpeg
Magnit,Москва,"Москва г, Пулковская ул, 2, помещ 4Н",Сливки Вкуснотеево для взбивания ультрапастеризованные 33% 250г,"159,99",-,-,https://img-dostavka.magnit.ru/resize/416x416/uf/837/837e349127671e7b07ca6e8febc6c981/b44b1cf60e4059636f1cf5163d0ee4f7.jpeg
Magnit,Москва,"Москва г, Пулковская ул, 2, помещ 4Н",Масло сливочное Северное Молоко Крестьянское из Вологды 72.5% 180г,"179,99","159,99",11,https://img-dostavka.magnit.ru/resize/416x416/uf/d3a/d3af3d0272eed7199f3288cf687c951c/4d37fead72d1cccf29e1103bc940754f.jpeg
Magnit,Москва,"Москва г, Пулковская ул, 2, помещ 4Н",Молочный коктейль Чудо Шоколад 2% 950г,"159,99",-,-,https://img-dostavka.magnit.ru/resize/416x416/uf/d2c/d2c63589ba5d86ea14c43b47d4180752/54d0ce35a83da87787f92a01f5f6b818.png
Magnit,Москва,"Москва г, Пулковская ул, 2, помещ 4Н",Молочный коктейль Чудо Клубника 2% 950мл,"159,99",-,-,https://img-dostavka.magnit.ru/resize/416x416/uf/9d5/9d5f8913f15819f3264cfa919b415c1d/2c73a339f042adc6f4f98cf731c2b0ba.png
Magnit,Москва,"Москва г, Пулковская ул, 2, помещ 4Н",Сливки Простоквашино ультрапастеризованные 10% 500г,"153,99",-,-,https://img-dostavka.magnit.ru/resize/416x416/uf/f64/f64835e317504c8d6d9815f6e3477292/1ad758cb868b517991cd387a22e9df86.png
Magnit,Москва,"Москва г, Пулковская ул, 2, помещ 4Н",Майонез Я люблю готовить Московский провансаль 67% 700мл,"174,99","149,99",14,https://img-dostavka.magnit.ru/resize/416x416/uf/785/785de78d02a3b2bbeb2e63ee24506035/38c4a6a52630d995ca3669e4f26b53a6.jpeg
Magnit,Москва,"Москва г, Пулковская ул, 2, помещ 4Н",Сливки Магнит стерилизованные 20% 500мл,"149,99",-,-,https://img-dostavka.magnit.ru/resize/416x416/uf/959/959ca3bf9e5f0c5e4582a7abfdd63e8e/e9e12b51251bdde42806d2f3745e1372.png
Magnit,Москва,"Москва г, Пулковская ул, 2, помещ 4Н",Творожный сырок А.Ростагрокомплекс в молочном шоколаде с ванилью 15% 25г*6шт,"149,99",-,-,https://img-dostavka.magnit.ru/resize/416x416/uf/aed/aedd1a0ae4885ffb7ac9a377e9308bc0/b8b79f1cd260f6297113e5ea89f3c3e6.jpeg
Magnit,Москва,"Москва г, Пулковская ул, 2, помещ 4Н",Молочный коктейль Чудо Клубника 2% 960г,"149,99",-,-,https://img-dostavka.magnit.ru/resize/416x416/uf/d45/d45aea2957bc3dc4d74a33668fc08921/e77bfa6ccbb49fc6bb27553750468fe9.png
Magnit,Москва,"Москва г, Пулковская ул, 2, помещ 4Н",Молочный коктейль Чудо Шоколад 2% 960г,"149,99",-,-,https://img-dostavka.magnit.ru/resize/416x416/uf/536/5366bf131dcc14412a022e56fd02105c/0cc72f72da705a5343be3166f0fbf02e.png
Magnit,Москва,"Москва г, Пулковская ул, 2, помещ 4Н",Масло сливочное Брест-Литовск 72.5% 180г,"199,99","149,99",25,https://img-dostavka.magnit.ru/resize/416x416/uf/bfa/bfa8198978c6ed017f05743c44359a6a/35c58438f562aff60183b5f00beed3eb.jpeg
Magnit,Москва,"Москва г, Пулковская ул, 2, помещ 4Н",Яйцо Волжское утро куриное С0 10шт,"149,99",-,-,https://img-dostavka.magnit.ru/resize/416x416/uf/6bb/6bbaa6dabe9f37649124f7ce32ded717/d74013f62f978942595f45600806e011.jpeg
Magnit,Москва,"Москва г, Пулковская ул, 2, помещ 4Н",Масло сладко-сливочное Экомилк Крестьянское 72.5% 180г,"179,99","143,99",20,https://img-dostavka.magnit.ru/resize/416x416/uf/842/8428adaf6e56636c292f09eec223e6d7/61160701e4ee962332462ec83383f03c.jpeg
Magnit,Москва,"Москва г, Пулковская ул, 2, помещ 4Н",Сливки Домик в Деревне 10% ультрапастеризованные 480г,"139,99",-,-,https://img-dostavka.magnit.ru/resize/416x416/uf/2fa/2fa2206c48ee86d999a0b23328ac711c/b1df2b8a74b166f1f90d5b13940aeb97.png
Magnit,Москва,"Москва г, Пулковская ул, 2, помещ 4Н",Биойогурт питьевой Актибио злаки 1.6% 870г,"139,99",-,-,https://img-dostavka.magnit.ru/resize/416x416/uf/526/526e795d80d45cac60830359fa170128/93846d99e7c0903e18d4dadf3b17fe60.png
Magnit,Москва,"Москва г, Пулковская ул, 2, помещ 4Н",Масло сливочное Домик в деревне Крестьянское 72.5% 180г,"139,99",-,-,https://img-dostavka.magnit.ru/resize/416x416/uf/fbc/fbcc80e8966226b2fefaf71c4246c2ce/107a2a9b27528057a4c6ba544efc4d30.png
Magnit,Москва,"Москва г, Пулковская ул, 2, помещ 4Н",Творог Резной Палисад 5% 400г,"169,99","139,99",17,https://img-dostavka.magnit.ru/resize/416x416/uf/697/697445912d2dc3d8b8b94c8968009bfa/8d0ef61a3d3a0b8881ecc0d590d7381d.jpeg
Magnit,Москва,"Москва г, Пулковская ул, 2, помещ 4Н",Биойогурт Актибио питьевой натуральный 1.8% 870г,"139,99",-,-,https://img-dostavka.magnit.ru/resize/416x416/uf/644/644c514b94209ab3ebd31d7c5835f765/3eb32f9abd19b112ceae4a418fe122be.png
Magnit,Москва,"Москва г, Пулковская ул, 2, помещ 4Н",Молоко сгущенное Главпродукт с миндалём 270г,"139,99",-,-,https://img-dostavka.magnit.ru/resize/416x416/uf/47c/47cf3b5cd245f3ab81fe48f9d6c4f5d0/898325ce0397f66e1f1c0c64c6c3bd0b.jpeg
Magnit,Москва,"Москва г, Пулковская ул, 2, помещ 4Н",Майонез Скит Провансаль 67% 675мл,"169,99","134,99",20,https://img-dostavka.magnit.ru/resize/416x416/uf/3f6/3f653a1fb623d4d05ea2dda54d983be8/80c34244ef6bd8b941d05ca54322d4c2.jpeg
Magnit,Москва,"Москва г, Пулковская ул, 2, помещ 4Н",Финское Масло кисло-сливочное Брест-Литовск несолёное 72.5% 160г,"134,99",-,-,https://img-dostavka.magnit.ru/resize/416x416/uf/abc/abcbd1d6a1a98c4719c1f41298c45e29/bd97d14aeaa1948203bfe06a5dc04cb2.png
Magnit,Москва,"Москва г, Пулковская ул, 2, помещ 4Н",Яйцо куриное Магнит Деревенька Деревенское С0 10шт,"134,89",-,-,https://img-dostavka.magnit.ru/resize/416x416/uf/3d0/3d0d08e2c73bc57aa43d3f32aebfcb80/87d5e1e4e14cb0e4c5f6e883ae1e9765.jpeg
Magnit,Москва,"Москва г, Пулковская ул, 2, помещ 4Н",Яйца Золото Сеймы С1 Сеймовские Деревенские 10шт,"129,99",-,-,https://img-dostavka.magnit.ru/resize/416x416/uf/2c3/2c3c764b14dd145f2a66749bca232292/37e9ccb6ec95ebde49409381a09fcdc8.png
Magnit,Москва,"Москва г, Пулковская ул, 2, помещ 4Н",Йогурт питьевой Чудо клубника киви 1.9% 680г,"129,99",-,-,https://img-dostavka.magnit.ru/resize/416x416/uf/52a/52a3858dc9de7e6cad40d592afcc1693/91f6d138e41cf0554cd42ead7141467e.png
Magnit,Москва,"Москва г, Пулковская ул, 2, помещ 4Н",Йогурт питьевой Чудо клубника земляника 1.9% 680г,"129,99",-,-,https://img-dostavka.magnit.ru/resize/416x416/uf/bdf/bdf7e5e5b36d2617c87ef039adfaf58c/4491e750799ef6178a0cd24634e62e82.png
Magnit,Москва,"Москва г, Пулковская ул, 2, помещ 4Н",Яйцо Окское С0 белые 10шт,"129,99",-,-,https://img-dostavka.magnit.ru/resize/416x416/uf/89b/89bd39b1a612464664f67c7c59524fe7/a8d255ea182f13faca3bc64fe5a8065e.jpeg
Magnit,Москва,"Москва г, Пулковская ул, 2, помещ 4Н",Йогурт питьевой Чудо персик абрикос 1.9% 680г,"129,99",-,-,https://img-dostavka.magnit.ru/resize/416x416/uf/e49/e49d6952550890507bc8b31f95c2ac82/66cb99dd3c327cb982720d0c41056583.png
Magnit,Москва,"Москва г, Пулковская ул, 2, помещ 4Н",Яйца перепелиные 20шт,"123,99",-,-,https://img-dostavka.magnit.ru/resize/416x416/uf/093/09326e1fdc05ad3419240b36c94d9a3d/22441973fc8b9a4f677691d71d3488ee.jpeg
Magnit,Москва,"Москва г, Пулковская ул, 2, помещ 4Н",Майонез Слобода Провансаль 67% 400мл,"119,99",-,-,https://img-dostavka.magnit.ru/resize/416x416/uf/b22/b224a85e788865db323df6b86f674393/fb9527cc6922c0090e50745323eb5f40.jpeg
Magnit,Москва,"Москва г, Пулковская ул, 2, помещ 4Н",Молоко Простоквашино пастеризованное 3.2% 1.4л,"119,99",-,-,https://img-dostavka.magnit.ru/resize/416x416/uf/d30/d303af2240c0e7331ee7005fa9955a01/ec951b10a0f41805f5876853b391f477.png
Magnit,Москва,"Москва г, Пулковская ул, 2, помещ 4Н",Молоко сгущенное Рогачевъ 8.5% 270г,"159,99","119,99",25,https://img-dostavka.magnit.ru/resize/416x416/uf/3c8/3c826616ca9feb63f0c02fca91db758d/30119bc885dea7c57dd32dcf6d4611fc.jpeg
Magnit,Москва,"Москва г, Пулковская ул, 2, помещ 4Н",Молоко Домик в деревне отборное пастеризованное 1.4л,"119,99",-,-,https://img-dostavka.magnit.ru/resize/416x416/uf/948/948fc69f7dff86ee79b8452e31a9c171/645c6f34c8b5da4e07efef8eb78d3e3e.png
Magnit,Москва,"Москва г, Пулковская ул, 2, помещ 4Н",Майонез Ряба Провансаль Оливковый 67% 372г,"119,99",-,-,https://img-dostavka.magnit.ru/resize/416x416/uf/ae7/ae7acc834ff55485c126dfd49bb41bf7/08bf82433b73e63ecf7187a8ea4a0f3e.jpeg
Magnit,Москва,"Москва г, Пулковская ул, 2, помещ 4Н",Молоко Parmalat Comfort безлактозное ультрапастеризованное 0.05% 1л ,"119,99",-,-,https://img-dostavka.magnit.ru/resize/416x416/uf/932/932fc000c59814420067b2542a5b3573/860cbb0e89594c55aaabf078a6cdc25d.png
Magnit,Москва,"Москва г, Пулковская ул, 2, помещ 4Н",Сливки Село Зеленое 10% ультрапастеризованные 500мл,"169,99","119,99",29,https://img-dostavka.magnit.ru/resize/416x416/uf/042/04204a79bc7c424fcfc88be52aec0498/9b5bb6fee69eebbd7200a70016478d2b.jpeg
Magnit,Москва,"Москва г, Пулковская ул, 2, помещ 4Н",Молоко сгущенное Алексеевское 8.5% 270г,"119,99",-,-,https://img-dostavka.magnit.ru/resize/416x416/uf/5de/5deacae9e68786875b26f91f51fe810e/c9f65410fe5a87afaffbbe7120f353fc.jpeg
Magnit,Москва,"Москва г, Пулковская ул, 2, помещ 4Н",Молоко Большая Кружка стерилизованное 3.2% 1.45л,"119,99",-,-,https://img-dostavka.magnit.ru/resize/416x416/uf/efb/efb4cbebbdb823d9040cbb34a593d6a1/fec1612cdcc1a2374dfb50c49282a263.jpeg
Magnit,Москва,"Москва г, Пулковская ул, 2, помещ 4Н",Яйца столовое С0 10шт в ассортименте,"119,99",-,-,https://img-dostavka.magnit.ru/resize/416x416/uf/155/155efcb8fd164ed8d9d43e6bace551ba/16c1968240b0f35ba5116bd57dcaf91f.png
Magnit,Москва,"Москва г, Пулковская ул, 2, помещ 4Н",Творог Эконива 9% 300г,"159,99","114,99",28,https://img-dostavka.magnit.ru/resize/416x416/uf/b2e/b2e02ec44de29214aa8d5b778c09ec90/fd3022da485e074afaf1bda0bb4a2be3.jpeg
Magnit,Москва,"Москва г, Пулковская ул, 2, помещ 4Н",Масло сливочное Модус Традиционное 82.5% 180г,"199,99","114,99",42,https://img-dostavka.magnit.ru/resize/416x416/uf/bd3/bd3e558b5e8c0bbb71fcacfd44cad623/1c7f117bb3a464a2612ba493e3eaf14b.png
Magnit,Москва,"Москва г, Пулковская ул, 2, помещ 4Н",Масло сливочное Магнит Крестьянское 72.5% 180г,"113,99",-,-,https://img-dostavka.magnit.ru/resize/416x416/uf/64b/64b8e4bcbabffcbe9c95baa447aeadbc/dec3c50d2e63f1dc31bcefd58d34272c.png
Magnit,Москва,"Москва г, Пулковская ул, 2, помещ 4Н",Творог Савушкин Традиционный 9% 300г,"112,99",-,-,https://img-dostavka.magnit.ru/resize/416x416/uf/379/3795000350a98a98a23942ba07a47a85/7fb35bda6411501238b554499c2b1a82.png
Magnit,Москва,"Москва г, Пулковская ул, 2, помещ 4Н",Молоко сгущенное Магнит вареное с сахаром 8.5% 360г,"112,99",-,-,https://img-dostavka.magnit.ru/resize/416x416/uf/271/271061d911a914c452543d53db01f501/7afd65bd90714cd4b7286f087dd676fc.jpeg
Magnit,Москва,"Москва г, Пулковская ул, 2, помещ 4Н",Молочный коктейль Angelato сливки-карамель 2% 950г,"109,99",-,-,https://img-dostavka.magnit.ru/resize/416x416/uf/ec2/ec24eb5aa32e7bfd9a194383aa9bf1f5/edbda1a9016e18a61371ec4a2bac194e.jpeg
Magnit,Москва,"Москва г, Пулковская ул, 2, помещ 4Н",Творог Славянские кружева рассыпчатый 9% 300г,"109,99",-,-,https://img-dostavka.magnit.ru/resize/416x416/uf/6de/6de26fe8615e6f83707a838d17bbf69a/26a14b18c1ce6e226c5e58b760ae8107.jpeg
Magnit,Москва,"Москва г, Пулковская ул, 2, помещ 4Н",Напиток овсяный Nemoloko Шоколадный 3.2% 1л,"129,99","109,99",15,https://img-dostavka.magnit.ru/resize/416x416/uf/26f/26f14875233fe3ab76d87a508374af37/cd7c3e9528b9d446237f0194c951c5aa.jpeg
Magnit,Москва,"Москва г, Пулковская ул, 2, помещ 4Н",Молоко Главпродукт сгущенное с кокосом 270г,"139,99","109,99",21,https://img-dostavka.magnit.ru/resize/416x416/uf/9f0/9f062061a05b163217c49e2f0245b91d/2b1b091b06876643304745250aef9a0e.jpeg
Magnit,Москва,"Москва г, Пулковская ул, 2, помещ 4Н",Йогурт питьевой Фруате Черника Ежевика 1.5% 950мл,"139,99","109,99",21,https://img-dostavka.magnit.ru/resize/416x416/uf/24e/24e78315356e580dc0b94a61cd7c2a4b/3978b0f3332336a267ac5d8d41a0ba67.jpeg
Magnit,Москва,"Москва г, Пулковская ул, 2, помещ 4Н",Напиток молочно-соковый Мажитэль Персик-маракуйя 950г,"109,99",-,-,https://img-dostavka.magnit.ru/resize/416x416/uf/912/9125243d28d0edc94d6ec6bb84ee9787/c736bdd74021cf9f389759216ed46552.jpeg
Magnit,Москва,"Москва г, Пулковская ул, 2, помещ 4Н",Напиток молочно-соковый Мажитэль Клубника 950г,"109,99",-,-,https://img-dostavka.magnit.ru/resize/416x416/uf/0b3/0b33d410b61a4ede0a7f357af6d938d8/2b1e762a6ee5e48396a95cc47064d286.jpeg
Magnit,Москва,"Москва г, Пулковская ул, 2, помещ 4Н",Масло сливочное Щедрая Русь шоколадное 62% 170г,"109,99",-,-,https://img-dostavka.magnit.ru/resize/416x416/uf/a0b/a0b2757ad058142136df7d4f8fdd11a3/bf4b2c02bf52495df99788a9c1afe904.jpeg
Magnit,Москва,"Москва г, Пулковская ул, 2, помещ 4Н",Кефир Молочная легенда термостатный 3.2-4.5% 900мл,"109,99",-,-,https://img-dostavka.magnit.ru/resize/416x416/uf/e89/e89167b46faf133f5b3a38becc59d2aa/083307287e6b95f65a218e04f597060a.jpeg
Magnit,Москва,"Москва г, Пулковская ул, 2, помещ 4Н",Молоко Домик в деревне пастеризованное 2.5% 1.4л,"109,99",-,-,https://img-dostavka.magnit.ru/resize/416x416/uf/ac5/ac590c3407a71a48e77d811c9319b4e5/7c38ef46d0b3662ab4c4d031f53b0152.png
Magnit,Москва,"Москва г, Пулковская ул, 2, помещ 4Н",Творог Простоквашино 9% 200г,"109,99",-,-,https://img-dostavka.magnit.ru/resize/416x416/uf/69c/69cb43a6eed32b0020406bac738f2a55/6691f5395832e72736f3a84fc69f3114.jpeg
Magnit,Москва,"Москва г, Пулковская ул, 2, помещ 4Н",Творог Эконива 5% 300г,"152,99","109,99",28,https://img-dostavka.magnit.ru/resize/416x416/uf/b5c/b5ca74800c714fa99ff3275c201b1aac/d155a658fb05eec3862cdcab1a31e4bc.jpeg
Magnit,Москва,"Москва г, Пулковская ул, 2, помещ 4Н",Майонез Ряба Провансаль-Н 40% 630г,"153,99","109,99",28,https://img-dostavka.magnit.ru/resize/416x416/uf/712/712187b3af96d9c4b066ddb40d4404ec/ad12fc11ac199f9f1731be83fb5ef92d.png
Magnit,Москва,"Москва г, Пулковская ул, 2, помещ 4Н",Напиток молочно-соковый Мажитэль Ананас и манго 950г,"109,99",-,-,https://img-dostavka.magnit.ru/resize/416x416/uf/b96/b963edb6970fbc88d5d2f974d14ed5f6/ff4ccbf59dbf09df3a78a0a82952036b.jpeg
Magnit,Москва,"Москва г, Пулковская ул, 2, помещ 4Н",Творог Савушкин Традиционный 5% 300г,"107,99",-,-,https://img-dostavka.magnit.ru/resize/416x416/uf/07d/07d2cbfc9ae4e02240946131fe576c22/4c840716e49992c9266cce2678e75bfa.png
Magnit,Москва,"Москва г, Пулковская ул, 2, помещ 4Н",Майонез Я люблю готовить Московский провансаль 67% 390мл,"104,99",-,-,https://img-dostavka.magnit.ru/resize/416x416/uf/0f0/0f01544386629ee241ffc2d00957f88e/5a9675467ec468aa72e0c608ccea0235.jpeg
Magnit,Москва,"Москва г, Пулковская ул, 2, помещ 4Н",Творог Село Зеленое 5% 300г,"104,99",-,-,https://img-dostavka.magnit.ru/resize/416x416/uf/ebd/ebd48f81ee5d31240b8905e8c9df73f4/de13ea9cb07b20430daf0c5c45150afb.jpeg
Magnit,Москва,"Москва г, Пулковская ул, 2, помещ 4Н",Яйца С1 10шт цвет в ассортименте,"103,99",-,-,https://img-dostavka.magnit.ru/resize/416x416/uf/1c7/1c76d7bbaecf9f451b1fb21446658051/3f58824607f77c0209ce2aec8b5f6c97.png
Magnit,Москва,"Москва г, Пулковская ул, 2, помещ 4Н",Молоко детское Агуша ультрапастеризованное 3.2% 925мл,"101,99",-,-,https://img-dostavka.magnit.ru/resize/416x416/uf/82a/82a0a7384c5c4b761a88973e742a2191/576f97bd06516e365e9600a0dbefc546.png
Magnit,Москва,"Москва г, Пулковская ул, 2, помещ 4Н",Масса творожная Ростагроэкспорт Особая с изюмом 23% 180г ,"101,99",-,-,https://img-dostavka.magnit.ru/resize/416x416/uf/a74/a741d115b5ce0e666289e45fd710810e/ee0bee83db93d7299a06640c3f9c5118.png
Magnit,Москва,"Москва г, Пулковская ул, 2, помещ 4Н",Сливки Я люблю готовить ультрапастеризованные 10% 500мл,"99,99",-,-,https://img-dostavka.magnit.ru/resize/416x416/uf/254/254e25c85378062f470feb35dfdc83b7/b24ceb35c9cbf1b448a177452c0fa583.jpeg
Magnit,Москва,"Москва г, Пулковская ул, 2, помещ 4Н",Напиток Nemoloko гречневый 1л,"129,99","99,99",23,https://img-dostavka.magnit.ru/resize/416x416/uf/9ac/9ac8e1ae2aab8a89e6b8d7f1853eb9b2/494bda2bd1de06947d21e1fc45b920b4.jpeg
Magnit,Москва,"Москва г, Пулковская ул, 2, помещ 4Н",Напиток Green Milk соевый Банан 1л,"99,99",-,-,https://img-dostavka.magnit.ru/resize/416x416/uf/11b/11b7eb70dc4b5253dd8919f968be2cba/e76a6a81a297c152ed844b425bd2b6f6.jpeg
Magnit,Москва,"Москва г, Пулковская ул, 2, помещ 4Н",Молоко сгущенное Магнит цельное с сахаром 360г,"119,99","99,99",16,https://img-dostavka.magnit.ru/resize/416x416/uf/b7d/b7d4a7709d6d3da598f8f494ed07089e/bfd2699955e8c3db09f5f7860549d230.png
Magnit,Москва,"Москва г, Пулковская ул, 2, помещ 4Н",Пудинг молочный Grand Dessert Белый шоколад с клубничным муссом 6% 200г,"99,99",-,-,https://img-dostavka.magnit.ru/resize/416x416/uf/64d/64d3b26310e5cb6ea6f7651e21d9b71a/1fc65c4d8a951cf7b86ac439d88c778e.jpeg
Magnit,Москва,"Москва г, Пулковская ул, 2, помещ 4Н",Творог Простоквашино 5% 200г,"99,99",-,-,https://img-dostavka.magnit.ru/resize/416x416/uf/bef/beffe767f3d49ea00f7ab3e3cbedeea7/8784357052e79c805a2f735cfffac2c7.jpeg
Magnit,Москва,"Москва г, Пулковская ул, 2, помещ 4Н",Напиток кисломолочный Фругурт со вкусом клубники 1.5% 950г,"99,99",-,-,https://img-dostavka.magnit.ru/resize/416x416/uf/201/201193889527cfd2c104852da00cfca7/6e02c6b79a21694d2b22bad99064e358.jpeg
Magnit,Москва,"Москва г, Пулковская ул, 2, помещ 4Н",Творог Карат зерненый 4% 300г,"134,99","99,99",25,https://img-dostavka.magnit.ru/resize/416x416/uf/bf1/bf16056503ef9daac4d83bdce29e2373/28e431ffc1b24d5470dd0d54d30db457.png
Magnit,Москва,"Москва г, Пулковская ул, 2, помещ 4Н",Яйцо столовое С2 10шт,"99,99",-,-,https://img-dostavka.magnit.ru/resize/416x416/uf/28a/28acb8237fe7c3d949dd2afb582a16b5/4d8dc9dfb19f43f1e76c9240bbdc2918.png
Magnit,Москва,"Москва г, Пулковская ул, 2, помещ 4Н",Кефир Село Зеленое 3.2% 930г,"99,99",-,-,https://img-dostavka.magnit.ru/resize/416x416/uf/2c1/2c16a91950272c19d4e333593b4b08fa/9f801de5e3e3e87b6c9d26387f12a105.jpeg
Magnit,Москва,"Москва г, Пулковская ул, 2, помещ 4Н",Пудинг молочный Ehrmann Grand Dessert Шоколад 5.2% 200г,"99,99",-,-,https://img-dostavka.magnit.ru/resize/416x416/uf/5d9/5d9af9984afa3338d5362f78ebc848ff/9dae3561e3cf1f8215619d0b8282823e.jpeg
Magnit,Москва,"Москва г, Пулковская ул, 2, помещ 4Н",Напиток Фругурт кисломолочный со вкусом персика 1.5% 950г,"99,99",-,-,https://img-dostavka.magnit.ru/resize/416x416/uf/0b7/0b7ad95317b3d1c1521162799b5eab5d/5790d5a2946d3610c597cdd3d4802296.jpeg
Magnit,Москва,"Москва г, Пулковская ул, 2, помещ 4Н",Напиток Ne moloko рисовый классический лайт 1л,"122,99","96,99",21,https://img-dostavka.magnit.ru/resize/416x416/uf/d88/d888d995e646259602f982647ce7c1ee/1c446fbf464c79e754a287e5cf16f6b6.jpeg
Magnit,Москва,"Москва г, Пулковская ул, 2, помещ 4Н",Молоко Вкуснотеево ультрапастеризованное 3.2% 900мл,"93,99",-,-,https://img-dostavka.magnit.ru/resize/416x416/uf/e39/e39e9ee09cf2078cc582abb0a4c55f94/dc3fb6b91e95e0cc073aad7078354bb4.jpeg
Magnit,Москва,"Москва г, Пулковская ул, 2, помещ 4Н",Творог Минская Марка мягкий 4% 400г,"92,99",-,-,https://img-dostavka.magnit.ru/resize/416x416/uf/2d3/2d304935afe4b4071ac470317f9a6d56/3a0e97702f6b466f5c3ac35bf8cfba65.jpeg
Magnit,Москва,"Москва г, Пулковская ул, 2, помещ 4Н",Молочный коктейль Parmalat Капуччино 1.5% 500мл,"89,99",-,-,https://img-dostavka.magnit.ru/resize/416x416/uf/415/415719c99789132333f7da68c100d837/a694bb63a12268398f7a9792e5c767b7.png
Magnit,Москва,"Москва г, Пулковская ул, 2, помещ 4Н",Творог Простоквашино 2% 200г,"89,99",-,-,https://img-dostavka.magnit.ru/resize/416x416/uf/757/7572789eb40203cd32a9125282fb5135/637ddd8cca450121bd270adcaaea432a.png
Magnit,Москва,"Москва г, Пулковская ул, 2, помещ 4Н",Сливки Домик в деревне стерилизованные 20% 200г,"89,99",-,-,https://img-dostavka.magnit.ru/resize/416x416/uf/1e3/1e371abc986b0848725a4c1453db947c/8b1c1f537efb8ef0caff2647df94012f.jpeg
Magnit,Москва,"Москва г, Пулковская ул, 2, помещ 4Н",Сливки Большая Кружка ультрапастеризованные 10% 500г,"89,99",-,-,https://img-dostavka.magnit.ru/resize/416x416/uf/581/581e73917e57a94ea5f8d10607926cd6/51a77743644350cc27f3672768f80764.jpeg
Magnit,Москва,"Москва г, Пулковская ул, 2, помещ 4Н",Йогурт питьевой Фруате Клубника Киви 1.5% 950мл,"139,99","89,99",35,https://img-dostavka.magnit.ru/resize/416x416/uf/6b9/6b9efc590e425ec32fa4742a78b65d6e/fb199f2e1dcc22b34bac28596fa58099.jpeg
Magnit,Москва,"Москва г, Пулковская ул, 2, помещ 4Н",Масло сливочное Крестьянское несоленое 72.5% 180г,"152,99","89,99",41,https://img-dostavka.magnit.ru/resize/416x416/uf/dbe/dbe66f52043628ce19a1ad67b913d441/5fadfb7b1ac4fbd30f33104c5e71ad34.jpeg
Magnit,Москва,"Москва г, Пулковская ул, 2, помещ 4Н",Кефир Молочная легенда термостатный 2.5% 900мл,"89,99",-,-,https://img-dostavka.magnit.ru/resize/416x416/uf/812/81205018395673ce5f8fc96d455fe6f8/a6db65d50cd5dd169858bed403e92429.jpeg
Magnit,Москва,"Москва г, Пулковская ул, 2, помещ 4Н",Майонез Слобода Оливковый 67% 375г,"119,99","89,99",25,https://img-dostavka.magnit.ru/resize/416x416/uf/eac/eac24e2bd4b511246f3e841adeb07dff/c87369d7d3ac541690345c9c88ea41b5.jpeg
Magnit,Москва,"Москва г, Пулковская ул, 2, помещ 4Н",Молоко Молти Бариста ультрапастеризованное 3.2% 1л,"89,99",-,-,https://img-dostavka.magnit.ru/resize/416x416/uf/6eb/6eb7aea259c4a28deb83e5998bbfd596/52e10581fb3c64b9bcf7bf1f3028975e.jpeg
Magnit,Москва,"Москва г, Пулковская ул, 2, помещ 4Н",Молочный коктейль Parmalat Чоколатта Итальяна 1.9% 500мл,"89,99",-,-,https://img-dostavka.magnit.ru/resize/416x416/uf/be3/be34d392be8e615362465781ec0f9b17/32e436908f8bad0dcae0b8a13fcaa0be.png
Magnit,Москва,"Москва г, Пулковская ул, 2, помещ 4Н",Молоко Домик в деревне ультрапастеризованное 2.5% 950г,"86,99",-,-,https://img-dostavka.magnit.ru/resize/416x416/uf/c13/c13a553064a4752fd599879717e436fb/9af2266703c42a9e7e7e87e2b6b1b043.png
Magnit,Москва,"Москва г, Пулковская ул, 2, помещ 4Н",Молоко Село Зеленое ультрапастеризованное 3.2% 950мл,"119,99","84,99",29,https://img-dostavka.magnit.ru/resize/416x416/uf/a77/a774bd32d64ce320bb0bbd06f2367ece/9bb1d47c4ef1821ed074e9e593876f11.jpeg
Magnit,Москва,"Москва г, Пулковская ул, 2, помещ 4Н",Майонез Слобода на перепелиных яйцах 67% 375г,"109,99","84,99",22,https://img-dostavka.magnit.ru/resize/416x416/uf/edc/edcde37e927acc3421568555ef96b04f/75ef8b36d6acc2e86d68d7ea5a69a5e1.jpeg
Magnit,Москва,"Москва г, Пулковская ул, 2, помещ 4Н",Сметана Простоквашино 20% 300г,"83,99",-,-,https://img-dostavka.magnit.ru/resize/416x416/uf/657/65767aa73520d0a3ecf7224b3ac2c8b5/b99e3f01baf45e59a152f57c5a723e81.png
Magnit,Москва,"Москва г, Пулковская ул, 2, помещ 4Н",Молоко Домик в деревне стерилизованное 3.2% 950г,"82,99",-,-,https://img-dostavka.magnit.ru/resize/416x416/uf/724/724cb4f912f009fb02231809d45ffb98/2e0fa0914f6d3b19af6e68f872045e4e.png
Magnit,Москва,"Москва г, Пулковская ул, 2, помещ 4Н",Йогурт Царка лесные ягоды 3.5% 400г,"81,99",-,-,https://img-dostavka.magnit.ru/resize/416x416/uf/321/321305cb1d4968bfc298a2ceb4bd8420/1bf1e37c720c495ba62d0cf776c850ff.jpeg
Magnit,Москва,"Москва г, Пулковская ул, 2, помещ 4Н",Йогурт Царка манго 3.5% 400г,"81,99",-,-,https://img-dostavka.magnit.ru/resize/416x416/uf/cb1/cb16f319ba7a1d76cd62a2ffd64758a8/2ea632a1ff71741e2bf461308af541fe.jpeg
Magnit,Москва,"Москва г, Пулковская ул, 2, помещ 4Н",Йогурт Коломенский Клубника Банан 5% 170г,"79,99",-,-,https://img-dostavka.magnit.ru/resize/416x416/uf/bec/bec9260c85ccdb9dc22ff3500d5b77ab/dd48413bbae72d5b8be6a77e696babcb.jpeg
Magnit,Москва,"Москва г, Пулковская ул, 2, помещ 4Н",Кефир Эконива 3.2% 1л,"109,99","79,99",27,https://img-dostavka.magnit.ru/resize/416x416/uf/04d/04d9dbd68e42329ddb02d22615778273/d40fe73cd8ff623bff24be3037bd8b4f.png
Magnit,Москва,"Москва г, Пулковская ул, 2, помещ 4Н",Молоко Эконива ультрапастеризованное 3.2% 1л,"99,99","79,99",20,https://img-dostavka.magnit.ru/resize/416x416/uf/8ec/8ec0ae7066ef9ba49f503d4e954becd4/b03ffb9b89182f869edae7b3a1ac0fa1.jpeg
Magnit,Москва,"Москва г, Пулковская ул, 2, помещ 4Н",Йогурт Коломенский Малина и груша 5% 170г,"79,99",-,-,https://img-dostavka.magnit.ru/resize/416x416/uf/1c0/1c05c1ccb1b349d8bd54665247cd2a03/906e86d728b96fb91bc244aac91ce17a.jpeg
Magnit,Москва,"Москва г, Пулковская ул, 2, помещ 4Н",Майонез Mr.Ricco на перепелином яйце 67% 375г,"113,99","79,99",29,https://img-dostavka.magnit.ru/resize/416x416/uf/e6d/e6d1932b90f196e5e3bfe16ba81b2365/5f0a9f1b9e93edd32e22a3e79877ba5e.png
Magnit,Москва,"Москва г, Пулковская ул, 2, помещ 4Н",Сметана Домик в Деревне 20% 300г,"79,99",-,-,https://img-dostavka.magnit.ru/resize/416x416/uf/225/22516d6f346305ee20dbef98ac329b05/f1ad613f1c3d3deef25d4a2e77d40b63.png
Magnit,Москва,"Москва г, Пулковская ул, 2, помещ 4Н",Молоко Эконива ультрапастеризованное 2.5% 1л,"89,99","75,99",15,https://img-dostavka.magnit.ru/resize/416x416/uf/a4d/a4da52cdac198c3bc7a8af24f831f2b0/52c68fdf37daa262e748b98f103d7f79.jpeg
Magnit,Москва,"Москва г, Пулковская ул, 2, помещ 4Н",Майонез Магнит Провансаль классический 67% 380мл,"75,99",-,-,https://img-dostavka.magnit.ru/resize/416x416/uf/aad/aad677202ad20dc4cc4c3e6b2f5b27d9/49f6c5ab5865ec9d7c78d31e06240bfb.png
Magnit,Москва,"Москва г, Пулковская ул, 2, помещ 4Н",Сметана Экомилк 20% 315г,"84,99","74,99",11,https://img-dostavka.magnit.ru/resize/416x416/uf/55a/55a4394a07cc1dab40d68b24761623f1/ae3d4ec85aef662e779542b180be9a7e.png
Magnit,Москва,"Москва г, Пулковская ул, 2, помещ 4Н",Молоко Му-у ультрапастеризованное 3.2% 925мл,"89,99","74,99",16,https://img-dostavka.magnit.ru/resize/416x416/uf/295/295702a1fab970aa68cdb1167a25380e/d8620d176569ce0723e5b81d4fb3f195.png
Magnit,Москва,"Москва г, Пулковская ул, 2, помещ 4Н",Молоко Домик в деревне ультрапастеризованное 1.5% 924мл,"74,99",-,-,https://img-dostavka.magnit.ru/resize/416x416/uf/7f9/7f93c1891ce24d9485b4a26e427a7574/f834859720d7fb6b2604fae27814dea4.jpeg
Magnit,Москва,"Москва г, Пулковская ул, 2, помещ 4Н",Молоко Домик в деревне пастеризованное 3.4-4.5% 930мл,"74,99",-,-,https://img-dostavka.magnit.ru/resize/416x416/uf/2fc/2fcd881c9dd37aa7cb084af67f671a59/6c803c04be2560f31b0eae54ad15d358.png
Magnit,Москва,"Москва г, Пулковская ул, 2, помещ 4Н",Творог Кубанский молочник 9% 180г,"74,99",-,-,https://img-dostavka.magnit.ru/resize/416x416/uf/f43/f4320e91abaf720f4e8d73bc71b1bbcd/a67e2d36cff62833d62a14b8cd8f5b4c.jpeg
Magnit,Москва,"Москва г, Пулковская ул, 2, помещ 4Н",Кефир Простоквашино 3.2% 930г,"74,99",-,-,https://img-dostavka.magnit.ru/resize/416x416/uf/4e1/4e19abeb91cc4ee402d19fdd91beb737/e65370031792d8bb7e0c56f871f3a6b7.png
Magnit,Москва,"Москва г, Пулковская ул, 2, помещ 4Н",Масса творожная Ростагроэкспорт Особая с курагой 23% 180г,"109,99","71,99",34,https://img-dostavka.magnit.ru/resize/416x416/uf/145/145cb2f8644d4c68344279c02c763721/6ac18d63eabaad1eb00b0ec78a9bc5de.jpeg
Magnit,Москва,"Москва г, Пулковская ул, 2, помещ 4Н",Йогурт питьевой Даниссимо Коктейль Shake со вкусом клубничного мороженого 2.6% 190г,"69,99",-,-,https://img-dostavka.magnit.ru/resize/416x416/uf/6bf/6bf69b818ae3acd7b13aedf55e77f8f5/f701cf60a60860d3613f58e1c565fc15.png
Magnit,Москва,"Москва г, Пулковская ул, 2, помещ 4Н",Молоко Моя Славита пастеризованное 3.2% 900мл,"69,99",-,-,https://img-dostavka.magnit.ru/resize/416x416/uf/edc/edc5f5ea1ed0ca98f2cc47c28ab3ad9d/edc4075b60dc0b603cc45e7939605362.jpeg
Magnit,Москва,"Москва г, Пулковская ул, 2, помещ 4Н",Биокефирный продукт Домик в Деревне 1% 900г,"69,99",-,-,https://img-dostavka.magnit.ru/resize/416x416/uf/b1a/b1a412c13b321d48f10ece3e385d9d1e/7050d5d06e0ddccc31ffac68088ee7b4.png
Magnit,Москва,"Москва г, Пулковская ул, 2, помещ 4Н",Йогурт питьевой Растишка Клубничный пломбир 2.8% 190г,"69,99",-,-,https://img-dostavka.magnit.ru/resize/416x416/uf/344/3448777a803482985e425da006198c8a/4b265780f4843205aa51a5d91cffbb6e.png
Magnit,Москва,"Москва г, Пулковская ул, 2, помещ 4Н",Майонез Слобода Оливковый 67% 216г,"69,99",-,-,https://img-dostavka.magnit.ru/resize/416x416/uf/98b/98b7ca2afaabbfc7340b9cbfaaa89f31/4648995ecd51c7106c44081d70e775f4.jpeg
Magnit,Москва,"Москва г, Пулковская ул, 2, помещ 4Н",Йогурт Даниссимо Фантазия с хрустящими шариками в шоколаде 6.9% 105г,"69,99",-,-,https://img-dostavka.magnit.ru/resize/416x416/uf/4dd/4dd190fd9942eb7eb2b13eced7c83249/4aa01faca758c2ec95360b4c4cb12d06.png
Magnit,Москва,"Москва г, Пулковская ул, 2, помещ 4Н",Кефир Простоквашино 2.5% 930г,"69,99",-,-,https://img-dostavka.magnit.ru/resize/416x416/uf/24d/24d148d0b4adb3b21ada23c6c98e3a8d/59bbfaa3d5312c4956c1dcbd7f45ed30.png
Magnit,Москва,"Москва г, Пулковская ул, 2, помещ 4Н",Молоко Свое Калужское ультрапастеризованное 3.2% 800мл,"69,99",-,-,https://img-dostavka.magnit.ru/resize/416x416/uf/158/15858d8e56046129318dbc92a6a6e625/bbfc57187f7c9928525f0aaa10433d25.jpeg
Magnit,Москва,"Москва г, Пулковская ул, 2, помещ 4Н",Сырок глазированный А.Ростагрокомплекс Суфле с ванилью в молочном шоколаде 15% 40г,"69,99",-,-,https://img-dostavka.magnit.ru/resize/416x416/uf/7f9/7f963c2c22b43fb7c1a19586b04ae170/4b72764196f9da1c3ac24cdd2fc8896b.jpeg
Magnit,Москва,"Москва г, Пулковская ул, 2, помещ 4Н",Мацони РостАгроКомплекс 3.2% 300г,"69,99",-,-,https://img-dostavka.magnit.ru/resize/416x416/uf/7c5/7c533097da39abba07eb81735a46ab2c/f33b2d4a53cbacc7a2a2496b235f1941.jpeg
Magnit,Москва,"Москва г, Пулковская ул, 2, помещ 4Н",Молоко Му-у ультрапастеризованное 2.5% 925мл,"89,99","69,99",22,https://img-dostavka.magnit.ru/resize/416x416/uf/c6f/c6fde238c9f30401fd1170abfddf1964/5c53cbb6316688c943c06535d60b989d.jpeg
Magnit,Москва,"Москва г, Пулковская ул, 2, помещ 4Н",Сметана Домик в Деревне 15% 300г,"69,99",-,-,https://img-dostavka.magnit.ru/resize/416x416/uf/93e/93e1d9cd643d481e1d732c8632030325/7ac48c3d5ed870d53c76cc07d5a7a225.png
Magnit,Москва,"Москва г, Пулковская ул, 2, помещ 4Н",Молоко Домик в деревне пастеризованное 2.5% 930мл,"69,99",-,-,https://img-dostavka.magnit.ru/resize/416x416/uf/fdb/fdbbc5122a156139f82ceb9c35fc8796/c5bce37b9a1b9de2a5da2d17208a5d54.png
Magnit,Москва,"Москва г, Пулковская ул, 2, помещ 4Н",Сметана Экомилк 15% 315г,"69,99",-,-,https://img-dostavka.magnit.ru/resize/416x416/uf/f2e/f2ebd6b0b6669fdd5d6aee51fc356b27/967beeab6b1fa214219769e7f6767239.jpeg
Magnit,Москва,"Москва г, Пулковская ул, 2, помещ 4Н",Творог Кубанский Молочник 5% 180г,"79,99","69,99",12,https://img-dostavka.magnit.ru/resize/416x416/uf/da9/da9fcf5b89ee803d99fb84717e0a30fb/cc43732ac4a55676d5b58d5ff8b06aff.jpeg
Magnit,Москва,"Москва г, Пулковская ул, 2, помещ 4Н",Сметана Простоквашино 15% 300г,"69,99",-,-,https://img-dostavka.magnit.ru/resize/416x416/uf/b8b/b8b744661182eb0eb0adf49426373d04/9903da2b930bd402d8721b16372a86c6.png
Magnit,Москва,"Москва г, Пулковская ул, 2, помещ 4Н",Масса Творожная РостАгроКомплекс Особая изюм и шоколад 180г,"102,99","69,99",32,https://img-dostavka.magnit.ru/resize/416x416/uf/335/33537553e63b8f0ad4c57b635394d76d/abe03821234637a62abb705f51b348bf.jpeg
Magnit,Москва,"Москва г, Пулковская ул, 2, помещ 4Н",Сметана Простоквашино 10% 300г,"69,99",-,-,https://img-dostavka.magnit.ru/resize/416x416/uf/6e4/6e4ae9709b98763c9b20758f15790515/46813497f5a38106ee6c0d82e972572a.jpeg
Magnit,Москва,"Москва г, Пулковская ул, 2, помещ 4Н",Кефир Домик в деревне 3.2% 900мл,"65,99",-,-,https://img-dostavka.magnit.ru/resize/416x416/uf/68b/68be44b495c1615c1da8625f81b0571e/0f50c066eda823834769905f1abd48a0.png
Magnit,Москва,"Москва г, Пулковская ул, 2, помещ 4Н",Молоко Моя Славита ультрапастеризованное 2.5% 900мл,"65,99",-,-,https://img-dostavka.magnit.ru/resize/416x416/uf/b0e/b0e2078f630d00935991bc86e400dcd6/ae199372c899f7c366a4a32c04e514e2.jpeg
Magnit,Москва,"Москва г, Пулковская ул, 2, помещ 4Н",Творог Славянские Кружева 9% 180г,"65,99",-,-,https://img-dostavka.magnit.ru/resize/416x416/uf/a38/a38f7e6775a9138e3a11458082d08b9a/0e5276ba3fcbd3b815851367e23eb8e3.jpeg
Magnit,Москва,"Москва г, Пулковская ул, 2, помещ 4Н",Йогурт Коломенский гранат айва 5% 170г,"75,99","64,99",14,https://img-dostavka.magnit.ru/resize/416x416/uf/c29/c291a40eba1ab25880da15da48486787/11f038fa1046f05ed64f1004be66cab3.png
Magnit,Москва,"Москва г, Пулковская ул, 2, помещ 4Н",Молоко Простоквашино пастеризованное 2.5% 930мл,"63,99",-,-,https://img-dostavka.magnit.ru/resize/416x416/uf/f8c/f8c0e78ae80dcd8d8105aecbf3c09ab6/161efe9c7c129e0cf00933b0981a217b.png
Magnit,Москва,"Москва г, Пулковская ул, 2, помещ 4Н",Кефир Село Зеленое 1% 930г,"63,99",-,-,https://img-dostavka.magnit.ru/resize/416x416/uf/6f7/6f7321b25ffe132d0161958d40fbe3e3/14223431a90d5fbe4c24ed214decbe37.jpeg
Magnit,Москва,"Москва г, Пулковская ул, 2, помещ 4Н",Сырок глазированный Свитлогорье с ванилином 26% 50г,"62,99",-,-,https://img-dostavka.magnit.ru/resize/416x416/uf/4fc/4fcc8099a3bc86528597be84535ca4f5/462166d5a3e5a23398f7a74b8ba65a20.jpeg
Magnit,Москва,"Москва г, Пулковская ул, 2, помещ 4Н",Молоко Хуторок топленое пастеризованное 2.5% 900мл,"61,99",-,-,https://img-dostavka.magnit.ru/resize/416x416/uf/6d0/6d03d3a45ec33105664c0233a30b0e2d/f5c21dbfafbb799dac8945d3b9a55c66.jpeg
Magnit,Москва,"Москва г, Пулковская ул, 2, помещ 4Н",Продукт творожный Даниссимо с хрустящими шариками 7.2% 130г,"59,99",-,-,https://img-dostavka.magnit.ru/resize/416x416/uf/d4d/d4dc9222f225c5b33b680b2b6f244218/e90c1b9048957ec0b26da5ec3ffc91b3.png
Magnit,Москва,"Москва г, Пулковская ул, 2, помещ 4Н",Биойогурт питьевой Актибио натуральный 1.8% 260г,"59,99",-,-,https://img-dostavka.magnit.ru/resize/416x416/uf/aa8/aa891139793e367303b0984d15c12d9b/f482225608abd13fd6a159d2da9276bc.png
Magnit,Москва,"Москва г, Пулковская ул, 2, помещ 4Н",Биойогурт питьевой Актибио клубника-земляника 1.5% 260г,"59,99",-,-,https://img-dostavka.magnit.ru/resize/416x416/uf/a76/a76a7ebe093e19ab42acc6f7af0a2b12/c77bf6ad46c5c552cea076268906209d.png
Magnit,Москва,"Москва г, Пулковская ул, 2, помещ 4Н",Молоко Моя Цена ультрапастеризованное 2.5% 970мл,"59,99",-,-,https://img-dostavka.magnit.ru/resize/416x416/uf/a21/a215f89f86ec551aa06287d13cab0a29/08c6726d7a85f1268f13e6a40c7ddb38.png
Magnit,Москва,"Москва г, Пулковская ул, 2, помещ 4Н",Творог 101 Зерно Савушкин зерненый Черника 5% 130г,"59,99",-,-,https://img-dostavka.magnit.ru/resize/416x416/uf/587/58725c7056c7f0e5d81ecaa504d40e7e/68908b8e3e64606675e9965971f0e501.jpeg
Magnit,Москва,"Москва г, Пулковская ул, 2, помещ 4Н",Майонез Mr. Ricco на перепелином яйце 67% 220мл,"59,99",-,-,https://img-dostavka.magnit.ru/resize/416x416/uf/319/3190cf51e3b93881aa3cfae4291d3ba5/07967448b8eec3438077d9f7d0786705.jpeg
Magnit,Москва,"Москва г, Пулковская ул, 2, помещ 4Н",Сметана Простоквашино 20% 180г,"59,99",-,-,https://img-dostavka.magnit.ru/resize/416x416/uf/d39/d3922573ae9027485ed73053b6e8dffc/38a091e6395acb606dd5e48464001573.jpeg
Magnit,Москва,"Москва г, Пулковская ул, 2, помещ 4Н",Биойогурт питьевой Актибио злаки 1.6% 260г,"59,99",-,-,https://img-dostavka.magnit.ru/resize/416x416/uf/9b0/9b02790d73f9661b3c8d1f7304ee1c76/cc032ec12701037add2c336173476407.png
Magnit,Москва,"Москва г, Пулковская ул, 2, помещ 4Н",Творог Вкуснотеево с изюмом мягкий 5% 175г,"57,99",-,-,https://img-dostavka.magnit.ru/resize/416x416/uf/84b/84bca959aa4d46a875f4855992977c82/85c4600b95b9d50d211df97d88deb5bf.jpeg
Magnit,Москва,"Москва г, Пулковская ул, 2, помещ 4Н",Кефир Кубанский Молочник 2.5% 720г,"89,99","56,99",36,https://img-dostavka.magnit.ru/resize/416x416/uf/fc7/fc784e29c34a5fcfe4f688f3ed30a96e/60c8fa907fd454c6b992ec3bc04ad6a6.jpeg
Magnit,Москва,"Москва г, Пулковская ул, 2, помещ 4Н",Пирожное Kinder Pingui 30г,"56,99",-,-,https://img-dostavka.magnit.ru/resize/416x416/uf/809/809fea02e372a0bf49d5479427d99922/e14ec5f4c100074323c78ae164be69ff.png
Magnit,Москва,"Москва г, Пулковская ул, 2, помещ 4Н",Молоко Кружева ультрапастеризованное 3.2% 973мл,"83,99","56,99",32,https://img-dostavka.magnit.ru/resize/416x416/uf/b4e/b4e522a7a811d061cf08fa62ab35d637/dd0618a6513cd4afce4cc14e880a469a.png
Magnit,Москва,"Москва г, Пулковская ул, 2, помещ 4Н",Творожный сырок А.Ростагрокомплекс Картошка в молочном шоколаде 20% 50г,"69,99","55,99",20,https://img-dostavka.magnit.ru/resize/416x416/uf/38d/38d21f773ce41c1b785c443424f132a4/b0e799e652d9f1a43b6a0ef6b0788e25.jpeg
Magnit,Москва,"Москва г, Пулковская ул, 2, помещ 4Н",Сливки Большая кружка ультрапастеризованные 20% 200мл,"55,99",-,-,https://img-dostavka.magnit.ru/resize/416x416/uf/ba4/ba466fbb684c265af982108dc1fded91/5e61cf4b1e4bef3d0d64d7c737c13fd7.png
Magnit,Москва,"Москва г, Пулковская ул, 2, помещ 4Н",Сгущенка Моя цена варёная с сахаром змж 370г,"93,99","55,99",40,https://img-dostavka.magnit.ru/resize/416x416/uf/81f/81f7763c5c926d42782e98dafec4e2be/6cbc2a3778a671acc61c47ab27646dd1.png
Magnit,Москва,"Москва г, Пулковская ул, 2, помещ 4Н",Йогурт Даниссимо Фантазия с хрустящими шариками с ягодным вкусом 6.9% 105г,"69,99","55,99",20,https://img-dostavka.magnit.ru/resize/416x416/uf/654/654c8b193de385bb8eeadebbb44f96ab/d2415f057774534e93af7dc557cad6e5.png
Magnit,Москва,"Москва г, Пулковская ул, 2, помещ 4Н",Сливки Альпенгурт для кофе 10% 10шт*10г,"55,99",-,-,https://img-dostavka.magnit.ru/resize/416x416/uf/7f7/7f722348893544fc9780d3e97fb29edc/ba97a35892326ee94c10e126545c42eb.jpeg
Magnit,Москва,"Москва г, Пулковская ул, 2, помещ 4Н",Йогурт питьевой Чудо клубника земляника 1.9% 260г,"54,99",-,-,https://img-dostavka.magnit.ru/resize/416x416/uf/cbb/cbba4108f8fefa21c0482394433fdde3/84aafcad7888fdbef045ffb0cb0ba913.png
Magnit,Москва,"Москва г, Пулковская ул, 2, помещ 4Н",Сметана Моя цена 15% 300г,"54,99",-,-,https://img-dostavka.magnit.ru/resize/416x416/uf/ccb/ccb1fca51a9693293b2b3a26dc484bf0/25a0ac3e552cab4e05a774bbffa98cc1.png
Magnit,Москва,"Москва г, Пулковская ул, 2, помещ 4Н",Йогурт питьевой Чудо ягодное мороженое 1.9% 260г,"54,99",-,-,https://img-dostavka.magnit.ru/resize/416x416/uf/60a/60a227a8dc610dd34259d458f446d115/78403bef76028f2f762e72b8c5468796.png
Magnit,Москва,"Москва г, Пулковская ул, 2, помещ 4Н",Йогурт питьевой Чудо дыня манго персик 1.9% 260г,"54,99",-,-,https://img-dostavka.magnit.ru/resize/416x416/uf/c45/c45256f60107e9dc83a9edc0bc59bcfa/dc51a22b53cafa4d7d8c88f6ec16e606.png
Magnit,Москва,"Москва г, Пулковская ул, 2, помещ 4Н",Йогурт питьевой Epica Маракуйя и мангостин 2.5% 260г,"76,99","54,99",28,https://img-dostavka.magnit.ru/resize/416x416/uf/d30/d30d2a09ae7d4cedfda5213fb2ebaae1/ba0d21881a27baa3ffe30bd6987e86ae.jpeg
Magnit,Москва,"Москва г, Пулковская ул, 2, помещ 4Н",Сметана Домик в Деревне 20% 180г,"54,99",-,-,https://img-dostavka.magnit.ru/resize/416x416/uf/4e7/4e7116322ae169f71ff3fb61be939e79/f7ce8563d99b1f0162f30fbfa766069c.png
Magnit,Москва,"Москва г, Пулковская ул, 2, помещ 4Н",Биойогурт питьевой Тема Банан и Земляника 2.8% 210г,"54,99",-,-,https://img-dostavka.magnit.ru/resize/416x416/uf/016/016d3b6f387c523ce700320efa00e579/3619f9bec37bec6b89b8ae6dd29a91b9.jpeg
Magnit,Москва,"Москва г, Пулковская ул, 2, помещ 4Н",Спред Кремлевское растительно-жировой 72.5% 180г,"71,99","54,99",23,https://img-dostavka.magnit.ru/resize/416x416/uf/c1f/c1f5ca70ec0ceca454968b360ac6732a/4fb91ff97785a5ee98f2098730191733.jpeg
Magnit,Москва,"Москва г, Пулковская ул, 2, помещ 4Н",Снежок Молочное царство 2.5% 450г,"54,99",-,-,https://img-dostavka.magnit.ru/resize/416x416/uf/ae4/ae4365b3d4d91a8bd1864deb31068efa/30ce681b4a0a92a25269946e02c8dd74.png
Magnit,Москва,"Москва г, Пулковская ул, 2, помещ 4Н",Йогурт Фругурт Вишня 2% 240г,"52,99",-,-,https://img-dostavka.magnit.ru/resize/416x416/uf/564/564e5e0464add4cc080fe693c9736bab/f608cd9358af4a83c22e2f3b7887ffcf.png
Magnit,Москва,"Москва г, Пулковская ул, 2, помещ 4Н",Творог 101 Зерно + Сливки зернистый манго-маракуйя 5% 130г,"52,99",-,-,https://img-dostavka.magnit.ru/resize/416x416/uf/2c8/2c8684a3ce3cc158eacd67727752b9ec/3799ff0d39a0fb1d84e93c8d90f9d64f.jpeg
Magnit,Москва,"Москва г, Пулковская ул, 2, помещ 4Н",Йогурт Савушкин греческий Манго чиа 2% 140г,"52,99",-,-,https://img-dostavka.magnit.ru/resize/416x416/uf/30d/30d874b0f13cea598fbee461984e1fa8/fd1e285382bac4fc0e0bb82de80bba6a.jpeg
Magnit,Москва,"Москва г, Пулковская ул, 2, помещ 4Н",Йогурт Фругурт персик-маракуйя 2% 240г,"52,99",-,-,https://img-dostavka.magnit.ru/resize/416x416/uf/633/633650122cd4c9862e2f08e004cf657d/0195eae8429948f1f6b5577c0f2c2603.png
Magnit,Москва,"Москва г, Пулковская ул, 2, помещ 4Н",Сливки Домик в Деревне 10% стерилизованные 200мл,"52,99",-,-,https://img-dostavka.magnit.ru/resize/416x416/uf/13a/13a62a3920362863277db2f035d362a4/8207d3e7a4ab0721fc8c409adb6cc271.png
Magnit,Москва,"Москва г, Пулковская ул, 2, помещ 4Н",Молоко Моя Цена ультрапастеризованное 1.5% 970мл,"51,99",-,-,https://img-dostavka.magnit.ru/resize/416x416/uf/cfc/cfcbc74cb5842ad2d44ded9cd0313f7b/c5776da71f766c7c1a1d2b54b3dbdac1.png
Magnit,Москва,"Москва г, Пулковская ул, 2, помещ 4Н",Йогурт Epica питьевой ананас-кокос 2.6% 260г,"76,99","50,99",33,https://img-dostavka.magnit.ru/resize/416x416/uf/9d0/9d0866d7ded65eeb0335dfbecbe9ecb4/5779afa82e0c7cbe9f4b3c8cb2e3e935.png
Magnit,Москва,"Москва г, Пулковская ул, 2, помещ 4Н",Сырок творожный Ростагроэкспорт с изюмом 16.5% 90г,"49,99",-,-,https://img-dostavka.magnit.ru/resize/416x416/uf/836/83686870679ab349db69db062cee4cfa/1f89772d36fc716c93aa161a1ffcfd62.jpeg
Magnit,Москва,"Москва г, Пулковская ул, 2, помещ 4Н",Творожок Чудо Клубника-земляника 4% 100г,"49,99",-,-,https://img-dostavka.magnit.ru/resize/416x416/uf/e0f/e0f3a9b70f8c3f93d506f159e7936672/4045757c2239d4e915638d8e82049172.png
Magnit,Москва,"Москва г, Пулковская ул, 2, помещ 4Н",Йогурт Epica с вишней и черешней 4.8% 130г,"49,99",-,-,https://img-dostavka.magnit.ru/resize/416x416/uf/da8/da81dd53af0b201d80e123e3f0efe374/46031020aaa0dbb5162125c5c1ba401a.jpeg
Magnit,Москва,"Москва г, Пулковская ул, 2, помещ 4Н",Майонез Я люблю готовить Московский провансаль 67% 220мл,"64,99","49,99",23,https://img-dostavka.magnit.ru/resize/416x416/uf/970/970524cf812c33e2d00b91f6bf6da0f6/d6ff7f69deb3fd3b737d4cecc73d6b04.jpeg
Magnit,Москва,"Москва г, Пулковская ул, 2, помещ 4Н",Сырок глазированный А.Ростагрокомплекс в молочном шоколаде 26% 50г,"69,99","49,99",28,https://img-dostavka.magnit.ru/resize/416x416/uf/757/7576e1cd42e946c969d1d1cd69d2f258/c4242e0f9468e5823ede34c848e40003.jpeg
Magnit,Москва,"Москва г, Пулковская ул, 2, помещ 4Н",Йогурт СуперКид пломбир маршмеллоу 2% 103г,"49,99",-,-,https://img-dostavka.magnit.ru/resize/416x416/uf/cb5/cb5d3f36e0e003e135ba8bc285d66c62/39f49983c217b15b2a7f9f486a73d230.jpeg
Magnit,Москва,"Москва г, Пулковская ул, 2, помещ 4Н",Продукт молочный Моя цена Сгущенка с сахаром 270г,"49,99",-,-,https://img-dostavka.magnit.ru/resize/416x416/uf/1e8/1e8d11351e8fc64c2359958d3c0f2ee0/b760882e2fb4c9f15aee7d91ce989f2e.jpeg
Magnit,Москва,"Москва г, Пулковская ул, 2, помещ 4Н",Йогурт Савушкин Суперкид ваниль с конфетами 2% 103г,"49,99",-,-,https://img-dostavka.magnit.ru/resize/416x416/uf/23e/23ed40ed809efb2f2a9a44997d51599b/927abe2949bdf56afaa01a321536ad94.jpeg
Magnit,Москва,"Москва г, Пулковская ул, 2, помещ 4Н",Йогурт питьевой ЭкоНива Fitness Line с черникой и малиной 2.5% 300мл,"65,99","49,99",24,https://img-dostavka.magnit.ru/resize/416x416/uf/10e/10ea2c12d5198659973136a410a8d2f5/dce6a582815c28eef2341b26957e5857.png
Magnit,Москва,"Москва г, Пулковская ул, 2, помещ 4Н",Йогурт Растишка Яблоко-Груша с печеньем в шоколаде 3% 118г,"49,99",-,-,https://img-dostavka.magnit.ru/resize/416x416/uf/91e/91efcc8ecd232ccef17e042d75bc288e/b5983cfbba86b844fe96a1ffd8cf1317.png
Magnit,Москва,"Москва г, Пулковская ул, 2, помещ 4Н",Молочный коктейль Чудо Клубника 2% 200мл,"49,99",-,-,https://img-dostavka.magnit.ru/resize/416x416/uf/ee8/ee8075076bff0fc01d59785e8aa9b65d/7949c3240be91ad36356f36457258ff1.png
Magnit,Москва,"Москва г, Пулковская ул, 2, помещ 4Н",Молочный коктейль Растишка детский со вкусом клубники 2% 210мл,"49,99",-,-,https://img-dostavka.magnit.ru/resize/416x416/uf/72a/72abfe93c9123b7933dc090167b9fbb6/70c235930a0d2e01b57e0dc302426bfd.png
Magnit,Москва,"Москва г, Пулковская ул, 2, помещ 4Н",Сырок глазированный А.Ростагрокомплекс в темном шоколаде 26% 50г,"69,99","49,99",28,https://img-dostavka.magnit.ru/resize/416x416/uf/391/391e651b5b78b0b334c8fe32e007694b/942837a70cd39edc9cb5b45313493a19.jpeg
Magnit,Москва,"Москва г, Пулковская ул, 2, помещ 4Н",Творожок Чудо Малина-ежевика 4.2% 100г,"49,99",-,-,https://img-dostavka.magnit.ru/resize/416x416/uf/963/9636dac3c312104a5eb33a785e8f3b67/beb7a85e4064e24e32c83ce193ba2e1b.png
Magnit,Москва,"Москва г, Пулковская ул, 2, помещ 4Н",Тан Магнит 1л,"49,99",-,-,https://img-dostavka.magnit.ru/resize/416x416/uf/8a3/8a35d95daa8c3e886bce1b104646e721/cb0eb028454423813acaba3c3b9fe29f.jpeg
Magnit,Москва,"Москва г, Пулковская ул, 2, помещ 4Н",Творожок Чудо Персик и груша 4.2% 100г,"49,99",-,-,https://img-dostavka.magnit.ru/resize/416x416/uf/4e5/4e5436a22056bc23e426a10bfbf8a1f1/42ca1d1db1dbb1ef111633ff36ccc0fa.png
Magnit,Москва,"Москва г, Пулковская ул, 2, помещ 4Н",Сырок глазированный А.Ростагрокомплекс с вареной сгущенкой в молочном шоколаде 26% 50г,"69,99","49,99",28,https://img-dostavka.magnit.ru/resize/416x416/uf/6d1/6d185825daa7e3ef704ae678654d13b5/40d7ac3b912a56bea1c7ff10990726a5.jpeg
Magnit,Москва,"Москва г, Пулковская ул, 2, помещ 4Н",Творожок Савушкин Кокос-Миндаль 3.5% 120г,"49,99",-,-,https://img-dostavka.magnit.ru/resize/416x416/uf/892/892307c2b19343e848db1ae5f28c42ba/2728c72bc0138af5dcb70f4040b16921.jpeg
Magnit,Москва,"Москва г, Пулковская ул, 2, помещ 4Н",Творожок Савушкин Черника 3.5% 120г,"49,99",-,-,https://img-dostavka.magnit.ru/resize/416x416/uf/5db/5db93790aaad5da67a49bdc1891af549/6f158a445445e2f0fd66c09fcb493aef.jpeg
Magnit,Москва,"Москва г, Пулковская ул, 2, помещ 4Н",Творожок Савушкин Вишня 3.5% 120г,"49,99",-,-,https://img-dostavka.magnit.ru/resize/416x416/uf/80d/80d1a671ed78664dd117c47d67979a86/a153dde655b85dbe39e25a1df1ab808b.jpeg
Magnit,Москва,"Москва г, Пулковская ул, 2, помещ 4Н",Продукт творожный Простоквашино малина 3.6% 130г,"49,99",-,-,https://img-dostavka.magnit.ru/resize/416x416/uf/69f/69f992255d9e10239c9f72beac6e5cd1/4d7e33a6925421f048dc232e5cba739e.png
Magnit,Москва,"Москва г, Пулковская ул, 2, помещ 4Н",Сметана Домик в деревне 15% 180г,"44,99",-,-,https://img-dostavka.magnit.ru/resize/416x416/uf/b46/b460388d055c47f3c670595129b2a3ea/67601d0e7dee83c3238762e6c79e3f41.png
Magnit,Москва,"Москва г, Пулковская ул, 2, помещ 4Н",Творожок Чудо Воздушный со вкусом пломбира 5.8% 85г,"44,99",-,-,https://img-dostavka.magnit.ru/resize/416x416/uf/2a3/2a3ac42df95eca9024fa8335fa19e864/37ead9d2c8841a8f23e02f70dc0c1029.png
Magnit,Москва,"Москва г, Пулковская ул, 2, помещ 4Н",Маргарин Хозяюшка Сливочный Нижегородский 60% 200г,"52,99","44,99",15,https://img-dostavka.magnit.ru/resize/416x416/uf/687/687300eb1760bd5707292d94a5196cff/5603a5515778e7381a469c770fcd0814.jpeg
Magnit,Москва,"Москва г, Пулковская ул, 2, помещ 4Н",Биокефирный продукт Домик в Деревне 1% 450г,"44,99",-,-,https://img-dostavka.magnit.ru/resize/416x416/uf/50b/50b0356492fe15ca406344b945079e49/437871480d5783f3786bed5be8d08936.png
Magnit,Москва,"Москва г, Пулковская ул, 2, помещ 4Н",Сырок творожный 36 Копеек со сгущенным вареным молоком 26% 40г,"44,99",-,-,https://img-dostavka.magnit.ru/resize/416x416/uf/6da/6da9091e15def02c25ac2ad5c7a9e722/b4f9f740cc2672f35f0ad5d22581039a.png
Magnit,Москва,"Москва г, Пулковская ул, 2, помещ 4Н",Бисквитное пирожное Kinder молочный ломтик 28г,"49,99","43,99",12,https://img-dostavka.magnit.ru/resize/416x416/uf/560/5605ecdf8954d788a9bf373645879974/b66b56398bb03799d02d92ec074ea5b7.png
Magnit,Москва,"Москва г, Пулковская ул, 2, помещ 4Н",Молоко Село зеленое ультрапастеризованное 2.5% 200г,"42,99",-,-,https://img-dostavka.magnit.ru/resize/416x416/uf/6f6/6f603aebe92ea8cc27cff15af91f815f/5f28244a10189b4c5d8decc1a84fcd99.png
Magnit,Москва,"Москва г, Пулковская ул, 2, помещ 4Н",Йогурт Агуша Клубника Банан 2.7% 180г,"42,99",-,-,https://img-dostavka.magnit.ru/resize/416x416/uf/1a6/1a625ba15a3389e7e4465dc9c90c560b/6c359cf8f7b9596880820fb8629bf1c2.png
Magnit,Москва,"Москва г, Пулковская ул, 2, помещ 4Н",Йогурт Агуша Зеленое яблоко мелисса 2.7% 180г,"42,99",-,-,https://img-dostavka.magnit.ru/resize/416x416/uf/38c/38c004dc8a29cf22ef05ca3c81e2145f/2e7d1aea9340c5ee355e4fbd76f4d9ee.png
Magnit,Москва,"Москва г, Пулковская ул, 2, помещ 4Н",Йогурт Агуша Яблоко Груша 2.7% 180г,"49,99","42,99",14,https://img-dostavka.magnit.ru/resize/416x416/uf/c10/c1096eeddf2974b948c30cb12f35fa78/ddc01f349fb916156f071a78c27a02f1.png
Magnit,Москва,"Москва г, Пулковская ул, 2, помещ 4Н",Молоко Магнит цельное концентрированное 300г,"104,99","42,99",59,https://img-dostavka.magnit.ru/resize/416x416/uf/4ff/4ffce140bb644919ab4953639e6af030/c717f7ae07573563df45149eb845f5ce.jpeg
Magnit,Москва,"Москва г, Пулковская ул, 2, помещ 4Н",Продукт творожный Даниссимо Крем-брюле 5.5% 110г,"42,99",-,-,https://img-dostavka.magnit.ru/resize/416x416/uf/ef0/ef070a45ff3d205482decdebb9dd56be/c37f4e5332bc20be03691e1e60424b31.jpeg
Magnit,Москва,"Москва г, Пулковская ул, 2, помещ 4Н",Йогурт Агуша Иммунити Северные ягоды 2.7% 180г,"49,99","42,99",14,https://img-dostavka.magnit.ru/resize/416x416/uf/340/34019bbc79d459bb0ea4df1f69a01b0e/db2067097d71d9e881ca043c49aa8357.png
Magnit,Москва,"Москва г, Пулковская ул, 2, помещ 4Н",Йогурт Агуша Клубника земляника 2.7% 180г,"42,99",-,-,https://img-dostavka.magnit.ru/resize/416x416/uf/35b/35b6b4e2992db5e9816614d375533afc/31fd08f3333030b97b8ea29b8e45c198.png
Magnit,Москва,"Москва г, Пулковская ул, 2, помещ 4Н",Снежок Домик в Деревне 2.5% 270г,"42,99",-,-,https://img-dostavka.magnit.ru/resize/416x416/uf/d55/d5524667184c2d07f07f100e16786916/59e33fac17533dea76494e46e80f96b1.jpeg
Magnit,Москва,"Москва г, Пулковская ул, 2, помещ 4Н",Творог детский Агуша Классический 4.5% 100г,"41,99",-,-,https://img-dostavka.magnit.ru/resize/416x416/uf/bbe/bbe51c474e09ce26599069feb8ade306/594390af0d67ba93ac74440effa25a47.png
Magnit,Москва,"Москва г, Пулковская ул, 2, помещ 4Н",Йогурт Даниссимо Фантазия с хрустящими шариками со вкусом солёной карамели 105г,"69,99","41,99",40,https://img-dostavka.magnit.ru/resize/416x416/uf/afb/afb79e8482c3c467abc57d4b95b7eb3f/41c76405766b23371acdb1bfaafd2919.png
Magnit,Москва,"Москва г, Пулковская ул, 2, помещ 4Н",Молоко Асеньевская ферма топлёное пастеризованное 4% 330мл,"41,99",-,-,https://img-dostavka.magnit.ru/resize/416x416/uf/6ab/6ab73b277ebdc4a2ca7726999e08a2d3/acd4a9b265b408c4e2bdd48e483e39d4.jpeg
Magnit,Москва,"Москва г, Пулковская ул, 2, помещ 4Н",Творог Магнит зерновой 5% 130г,"52,89","40,99",22,https://img-dostavka.magnit.ru/resize/416x416/uf/70c/70cf791376e667d135430c65d065a994/73aa89c996daa5eaf18bc060e74f6d66.png
Magnit,Москва,"Москва г, Пулковская ул, 2, помещ 4Н",Трубочка Своё Калужское вафельная с варёной сгущенкой 70г,"40,99",-,-,https://img-dostavka.magnit.ru/resize/416x416/uf/788/788b00ab70420f2ed0eeac1dfc6cbb3e/b9063f5b1e7ad09b64fec2a6dd69d28d.png
Magnit,Москва,"Москва г, Пулковская ул, 2, помещ 4Н",Продукт творожный Чудо Ягодное мороженое 5.8% 85г,"39,99",-,-,https://img-dostavka.magnit.ru/resize/416x416/uf/c31/c311a4fbf367a723c44580c07245bc90/31542f064ea5b955bd627957b97933c5.jpeg
Magnit,Москва,"Москва г, Пулковская ул, 2, помещ 4Н",Творог детский Агуша Мультифрукт 3.9% 100г,"39,99",-,-,https://img-dostavka.magnit.ru/resize/416x416/uf/4ca/4ca4d5883b1bb7fbbd6425f016e1a974/e33adee8960a2497808a16d7bc30f6d2.png
Magnit,Москва,"Москва г, Пулковская ул, 2, помещ 4Н",Творог детский Агуша Черника 3.9% 100г,"39,99",-,-,https://img-dostavka.magnit.ru/resize/416x416/uf/d66/d6678f5ae4776adda7973ae232f4306b/828952a689ef39e608bb4d26b86a64f9.png
Magnit,Москва,"Москва г, Пулковская ул, 2, помещ 4Н",Молочный коктейль Рогачевъ шоколад 2.5% 200г,"59,99","39,99",33,https://img-dostavka.magnit.ru/resize/416x416/uf/38f/38f7f05aba50b2a12acb785e09d321ae/74421fa563098506edc4e612d0a2b772.jpeg
Magnit,Москва,"Москва г, Пулковская ул, 2, помещ 4Н",Сливки Большая Кружка ультрапастеризованные 10% 200мл,"39,99",-,-,https://img-dostavka.magnit.ru/resize/416x416/uf/d0d/d0de73964bdcfe39eac4dde5e0e078c9/8a4d6d08b4ee6dc3f2cd9d18d42b9d02.png
Magnit,Москва,"Москва г, Пулковская ул, 2, помещ 4Н",Творог детский Агуша Злаки 3.9% 100г,"39,99",-,-,https://img-dostavka.magnit.ru/resize/416x416/uf/0af/0af142bc124050385122c58aa00883aa/bfd4a0a0fb0a511a4abfb4f6026338bc.png
Magnit,Москва,"Москва г, Пулковская ул, 2, помещ 4Н",Молоко детское Агуша витаминизированное стерилизованное 2.5% 200мл,"39,99",-,-,https://img-dostavka.magnit.ru/resize/416x416/uf/12e/12e61b8a8967a51a6f2b4ba2e96e5bc0/0a95c86758264e81cc0d725568873a2e.png
Magnit,Москва,"Москва г, Пулковская ул, 2, помещ 4Н",Молочный коктейль Рогачевъ Пломбир 2.5% 200г,"59,99","39,99",33,https://img-dostavka.magnit.ru/resize/416x416/uf/789/789faec0ee65aae89f63af138ac214c3/701347e8dfc0939e9eee665e34dd4581.jpeg
Magnit,Москва,"Москва г, Пулковская ул, 2, помещ 4Н",Бифилайф Ам-Ам Малина шиповник детский 2.5% 210г,"39,99",-,-,https://img-dostavka.magnit.ru/resize/416x416/uf/df0/df062f90c105309aed2e69d5ec6c678f/4fc06cd1a4a0c646d0cf1999f298de79.jpeg
Magnit,Москва,"Москва г, Пулковская ул, 2, помещ 4Н",Творог детский Агуша Засыпай-ка Клубника-банан-мелисса 3.8% 100г,"39,99",-,-,https://img-dostavka.magnit.ru/resize/416x416/uf/c77/c7791c9b08d020794be3c60d5330cbe8/5f99ea6902d22c7459a8f5b01590ad79.png
Magnit,Москва,"Москва г, Пулковская ул, 2, помещ 4Н",Биойогурт питьевой Тема Малина и Шиповник 2.8% 210г,"54,99","38,99",29,https://img-dostavka.magnit.ru/resize/416x416/uf/60f/60ff1bb02bfcbe1b69e5fa6f54922aee/7dfa82397dd64601461aee7bda1a2108.jpeg
Magnit,Москва,"Москва г, Пулковская ул, 2, помещ 4Н",Пирожное Скрепыши бисквитное с кремом в глазури 30г,"44,99","37,99",15,https://img-dostavka.magnit.ru/resize/416x416/uf/45e/45e2291c865eb7d3cbdedc2cfc071bff/82b125ff1b664b6a6597f330784e72f6.jpeg
Magnit,Москва,"Москва г, Пулковская ул, 2, помещ 4Н",Творог Моя Цена обезжиренный 180г,"37,99",-,-,https://img-dostavka.magnit.ru/resize/416x416/uf/50c/50c5049d1b3a74a4b15a65098260b8f2/5768d8324a0102579ad9d08532ac9cf8.png
Magnit,Москва,"Москва г, Пулковская ул, 2, помещ 4Н",Крем-Десерт Коровка из Кореновки Рожок вафельный с вареной сгущенкой 25% 40г,"36,99",-,-,https://img-dostavka.magnit.ru/resize/416x416/uf/b66/b66cb25a8f3fe989cf5daacdbb855a52/fa99bd04e69e7625f0748a24abccf142.jpeg
Magnit,Москва,"Москва г, Пулковская ул, 2, помещ 4Н",Желе Lucky Days аромат микс 170г,"36,99",-,-,https://img-dostavka.magnit.ru/resize/416x416/uf/31f/31f0d7ca59bc6a8013822419626a4233/9a06fabb2d69a551e18dc44a1240b0d4.jpeg
Magnit,Москва,"Москва г, Пулковская ул, 2, помещ 4Н",Сырок творожный Ростагроэкспорт с ванилином 16.5% 90г,"49,99","36,99",26,https://img-dostavka.magnit.ru/resize/416x416/uf/996/996157a47bc506f1386fa61993b92fc1/af2974153692eab605b9f52a80e3f362.jpeg
Magnit,Москва,"Москва г, Пулковская ул, 2, помещ 4Н",Сырок глазированный Советские традиции с вареной сгущенкой 26% 45г,"46,99","35,99",23,https://img-dostavka.magnit.ru/resize/416x416/uf/42a/42aacfa2b2b22de8031d967b8ed9c7d5/45ff514403ca9c9304ca9f9c55d5e4bb.jpeg
Magnit,Москва,"Москва г, Пулковская ул, 2, помещ 4Н",Продукт творожный Простоквашино клубника-земляника 3.6% 130г,"35,99",-,-,https://img-dostavka.magnit.ru/resize/416x416/uf/e7f/e7ff19a5933fdaafa4d8f4967b94d3ee/cccfc89597e65eff5d3bb4da10daf6af.png
Magnit,Москва,"Москва г, Пулковская ул, 2, помещ 4Н",Творог Савушкин Нежный 0% 125г,"35,99",-,-,https://img-dostavka.magnit.ru/resize/416x416/uf/ec2/ec2c9c0163de74c64107c9957c5f762f/f7ef531503ebec85191a3e203c80e598.jpeg
Magnit,Москва,"Москва г, Пулковская ул, 2, помещ 4Н",Продукт творожный Даниссимо Пломбир 5.4% 110г,"35,99",-,-,https://img-dostavka.magnit.ru/resize/416x416/uf/13a/13a74f9f696264b5c73d48a8259c3bf0/a01c4413212dfd5293db944f8d06e5b2.jpeg
Magnit,Москва,"Москва г, Пулковская ул, 2, помещ 4Н",Продукт творожный Простоквашино ананас банан 3.6% 110г,"34,99",-,-,https://img-dostavka.magnit.ru/resize/416x416/uf/cff/cff321f61ffe2cd4b27d504b26d8f5fc/843aa2d4a4821621baa3edfabb30cc1e.png
Magnit,Москва,"Москва г, Пулковская ул, 2, помещ 4Н",Биойогурт Актибио с черникой. 5 злаками и семенами льна 3% 130г,"34,99",-,-,https://img-dostavka.magnit.ru/resize/416x416/uf/d28/d28034df147238d2909c4ce81721e1e1/f4febaed635ddaf39a766bbe4292c129.png
Magnit,Москва,"Москва г, Пулковская ул, 2, помещ 4Н",Продукт творожный Простоквашино вишня банан 3.6% 110г,"34,99",-,-,https://img-dostavka.magnit.ru/resize/416x416/uf/828/828c8a2c58a99638001819a48ae26433/c87137aa422d7b5e0a2235b92fcf3d4a.png
Magnit,Москва,"Москва г, Пулковская ул, 2, помещ 4Н",Паста творожная Суперкид Банан и яблоко 3.5% 110г,"34,99",-,-,https://img-dostavka.magnit.ru/resize/416x416/uf/2c3/2c3b9923a3182a02292f03eae675b8f3/0adabb734a3283ee52cf7a0058c6f4f8.jpeg
Magnit,Москва,"Москва г, Пулковская ул, 2, помещ 4Н",Биойогурт Актибио чернослив 2.9% 130г,"34,99",-,-,https://img-dostavka.magnit.ru/resize/416x416/uf/c26/c263a9570529937c0b819f2b646c2c5a/6c1b1f764949ab3dd099444e235caeae.png
Magnit,Москва,"Москва г, Пулковская ул, 2, помещ 4Н",Биойогурт Актибио малина 3% 110г,"34,99",-,-,https://img-dostavka.magnit.ru/resize/416x416/uf/e89/e89ea4aa7f7bb55be46dca9384439c81/6cca1592badda6a9f257b28badd67820.png
Magnit,Москва,"Москва г, Пулковская ул, 2, помещ 4Н",Йогурт Молочная легенда с грушей 0.9% 270г,"39,99","34,99",12,https://img-dostavka.magnit.ru/resize/416x416/uf/ed1/ed1d97b14f7d13d9f1525a9a82c31243/33cf88a5f09df59152e69b75f8ead858.png
Magnit,Москва,"Москва г, Пулковская ул, 2, помещ 4Н",Айран Магнит 500мл,"34,99",-,-,https://img-dostavka.magnit.ru/resize/416x416/uf/d6f/d6f620a553cebb2708eb57dcd7b25cc1/feef78208900d354f82c4b4cb5f8dbae.jpeg
Magnit,Москва,"Москва г, Пулковская ул, 2, помещ 4Н","Коктейль молочный ФрутоНяня банан 2,1% 200мл","49,99","34,99",30,https://img-dostavka.magnit.ru/resize/416x416/uf/088/088b6cb22da0678155b815a6864bce6d/55752d540c72860ddf163b2368501831.png
Magnit,Москва,"Москва г, Пулковская ул, 2, помещ 4Н",Коктейль молочный ФрутоНяня Малина 2.1% 200мл,"49,99","34,99",30,https://img-dostavka.magnit.ru/resize/416x416/uf/0de/0dea31e41675d2c698c4d2b666a7fcf0/2c27df40b1bb2b6409961acd0a404f7e.png
Magnit,Москва,"Москва г, Пулковская ул, 2, помещ 4Н",Биойогурт Актибио натуральный 3.5% 130г,"34,99",-,-,https://img-dostavka.magnit.ru/resize/416x416/uf/bf9/bf9e51c2086ead0c85f194f87d84bc69/b3c9c287d5c99b2a0f31e5f3cadedc86.png
Magnit,Москва,"Москва г, Пулковская ул, 2, помещ 4Н",Молоко Вкуснотеево ультрапастеризованное 2.5% 200мл,"33,99",-,-,https://img-dostavka.magnit.ru/resize/416x416/uf/20d/20da8f1b6743cd92478672d31444fb78/f10f7806929b1dba4ef5f9edc35c3e86.jpeg
Magnit,Москва,"Москва г, Пулковская ул, 2, помещ 4Н",Напиток кисломолочный Имунеле детский Клубничное мороженое 1.5% 100г,"32,99",-,-,https://img-dostavka.magnit.ru/resize/416x416/uf/b5d/b5d82615956e7ce3acb4be45c5ad3a9b/6d8048c9896dec1a9518d6a3bcc2b121.png
Magnit,Москва,"Москва г, Пулковская ул, 2, помещ 4Н",Напиток кисломолочный Имунеле Малина Морошка 1.2% 95мл,"32,99",-,-,https://img-dostavka.magnit.ru/resize/416x416/uf/db6/db6e3025180b167df631debe7925b8c1/e7c199ce1a999cc285ecb74075a2bd6a.png
Magnit,Москва,"Москва г, Пулковская ул, 2, помещ 4Н",Напиток кисломолочный Имунеле for Kids Малиновый пломбир 1.5% 95мл,"32,99",-,-,https://img-dostavka.magnit.ru/resize/416x416/uf/b8b/b8baa9cd312c144f142e0488cd024586/a774e09dfb881f95c6fd7cbb8c2456ba.png
Magnit,Москва,"Москва г, Пулковская ул, 2, помещ 4Н",Йогурт Эрмигурт Тропические фрукты 7.5% 100г,"30,99",-,-,https://img-dostavka.magnit.ru/resize/416x416/uf/da9/da9fe71bd7765d570b9371538ea68305/1860023fb999bb2c6225ddbae1ef0f01.jpeg
Magnit,Москва,"Москва г, Пулковская ул, 2, помещ 4Н",Бифилайф Ам-Ам Яблоко банан детский 2.5% 210г,"39,99","30,99",22,https://img-dostavka.magnit.ru/resize/416x416/uf/318/31811d4c6b80e627f354b58929b31649/bef553dd604a4eb10c85f38960532b08.jpeg
Magnit,Москва,"Москва г, Пулковская ул, 2, помещ 4Н",Творог детский Агуша Персик 3.9% 100г,"30,99",-,-,https://img-dostavka.magnit.ru/resize/416x416/uf/3cc/3cca6069901c4459777427434359b0b0/a77af3155d3828a923592983214439e1.png
Magnit,Москва,"Москва г, Пулковская ул, 2, помещ 4Н",Творог детский Агуша Яблоко и Банан 3.9% 100г,"30,99",-,-,https://img-dostavka.magnit.ru/resize/416x416/uf/311/3118c69e19c932ca93b404b0617d6b95/546a522a36e4876bd8a30849e6b1f69c.png
Magnit,Москва,"Москва г, Пулковская ул, 2, помещ 4Н",Йогурт Эрмигурт Клубника-земляника 7.5% 100г,"30,99",-,-,https://img-dostavka.magnit.ru/resize/416x416/uf/f97/f97a03102b9138ab7de521ba84fe5892/f4b9f19bf35d0cd5b988b65b85981b31.jpeg
Magnit,Москва,"Москва г, Пулковская ул, 2, помещ 4Н",Сырок глазированный Свитлогорье с какао 26% 50г,"62,99","30,99",50,https://img-dostavka.magnit.ru/resize/416x416/uf/313/3135161d57c41e46a3ecbedc6d5f2987/042b2c60786dc0a0f711580e3908ce2d.jpeg
Magnit,Москва,"Москва г, Пулковская ул, 2, помещ 4Н",Продукт кисломолочный Actimel детский клубнично-банановый сюрприз 1.5% 95г,"29,99",-,-,https://img-dostavka.magnit.ru/resize/416x416/uf/aa1/aa152836f5e2c11b5dd66d2288f1df8f/c11bbf3a723abf23379cc40871a799ef.png
Magnit,Москва,"Москва г, Пулковская ул, 2, помещ 4Н",Напиток Nemoloko овсяный классический 1.5% 200мл,"39,99","29,99",25,https://img-dostavka.magnit.ru/resize/416x416/uf/eae/eae1037e2e39e6bfa194043bba8db863/3ae4c138c56726078364b05d36c54ddb.jpeg
Magnit,Москва,"Москва г, Пулковская ул, 2, помещ 4Н",Сырок глазированный Ростагроэкспорт с ароматом ванили 20% 45г,"29,99",-,-,https://img-dostavka.magnit.ru/resize/416x416/uf/d37/d374644e3b0428fa79dc5515c014fa45/c3b31f0f2ba7fef89ee502c62ffbbc2f.jpeg
Magnit,Москва,"Москва г, Пулковская ул, 2, помещ 4Н",Пудинг Эрмигурт Шоколадный 3.2% 100г,"29,99",-,-,https://img-dostavka.magnit.ru/resize/416x416/uf/1e4/1e49cb84ce87984c5a76a79e9dd9bf94/e83f8233434cbb889c9e79ab9ec239cb.jpeg
Magnit,Москва,"Москва г, Пулковская ул, 2, помещ 4Н",Биотворог детский ФрутоНяня с Яблоком и бананом 4.2% 100г,"43,99","29,99",31,https://img-dostavka.magnit.ru/resize/416x416/uf/62a/62a605f94804a4ee73ebfde3b0269748/b57780cdcc41ecf7358123af2e41d7b0.jpeg
Magnit,Москва,"Москва г, Пулковская ул, 2, помещ 4Н",Кисломолочный продукт Актимуно гранат и цинк 1.5% 95г,"29,99",-,-,https://img-dostavka.magnit.ru/resize/416x416/uf/03b/03b6b1f3bb5a58e4cd2b7753ab57efb9/a5343694c0e5661598f0028fbe27cd4e.png
Magnit,Москва,"Москва г, Пулковская ул, 2, помещ 4Н",Соус майонезный Моя цена Легкий 25% 220мл,"33,99","29,99",11,https://img-dostavka.magnit.ru/resize/416x416/uf/ec9/ec955bde6f8a05acb10d705443bfdbab/f7e72e290e4d748436b43392ca1eb833.png
Magnit,Москва,"Москва г, Пулковская ул, 2, помещ 4Н",Сырок глазированный РостАгроЭкспорт с карамелью 15% 45г,"29,99",-,-,https://img-dostavka.magnit.ru/resize/416x416/uf/873/8739e1fb69b4cb3d196f4f2af8b820bf/1f076b443d2d68484b2340eaa3b6d5f9.png
Magnit,Москва,"Москва г, Пулковская ул, 2, помещ 4Н",Кисломолочный продукт Актимуно клубника и цинк 1.5% 95г,"29,99",-,-,https://img-dostavka.magnit.ru/resize/416x416/uf/b98/b98ae7a0ccd097985d010941306b3cb5/85ef3b2c8936b5389a80895e2df9650f.png
Magnit,Москва,"Москва г, Пулковская ул, 2, помещ 4Н",Пудинг Ehrmann Эрмигурт Карамельный 3% 100г,"29,99",-,-,https://img-dostavka.magnit.ru/resize/416x416/uf/bda/bdae339d368ffdccf811e5388b998722/370909b30f01f78e3e7d406c6210de93.jpeg
Magnit,Москва,"Москва г, Пулковская ул, 2, помещ 4Н",Десерт творожный глазированный Ростагроэкспорт ванильный с варёной сгущенкой 15% 60г,"36,99","29,99",18,https://img-dostavka.magnit.ru/resize/416x416/uf/382/3828c0b3a81bd6fed3ac5dff6a97ab41/3814ddab6695f81edc598cf814a44bd2.jpeg
Magnit,Москва,"Москва г, Пулковская ул, 2, помещ 4Н",Сырок глазированный Ростагроэкспорт с ванилином 5% 45г,"29,99",-,-,https://img-dostavka.magnit.ru/resize/416x416/uf/095/0958c96baf6ad6beaf10127e074dfb09/2e53308dfcec6cf89eafbbea7683e02c.jpeg
Magnit,Москва,"Москва г, Пулковская ул, 2, помещ 4Н",Напиток Nemoloko овсяный шоколадный 200мл,"29,99",-,-,https://img-dostavka.magnit.ru/resize/416x416/uf/1ad/1ad0911c46f2acc1d65789c325a37392/1503aca4c62a7f6505becc948608aa62.jpeg
Magnit,Москва,"Москва г, Пулковская ул, 2, помещ 4Н",Кисломолочный продукт Актимуно черника ежевика и цинк 1.5% 95г,"29,99",-,-,https://img-dostavka.magnit.ru/resize/416x416/uf/6f8/6f891fc0416f4678d7d8cc548e86a927/925d0fce10a07de5452509abde9946fc.png
Magnit,Москва,"Москва г, Пулковская ул, 2, помещ 4Н",Трубочка Мирата с соленой карамелью 70г,"29,99",-,-,https://img-dostavka.magnit.ru/resize/416x416/uf/1d8/1d8c74ca5a2e9733ca25e47e505dd545/fda678db92dcdce28a3e7fe62a1f91bc.png
Magnit,Москва,"Москва г, Пулковская ул, 2, помещ 4Н",Биотворог Ам-Ам с малиной с 6мес 4.2% 100г,"29,99",-,-,https://img-dostavka.magnit.ru/resize/416x416/uf/abd/abdf05d403c5e64d777f040865eee513/f015a7224228e6586f6f72ee00e9344f.jpeg
Magnit,Москва,"Москва г, Пулковская ул, 2, помещ 4Н",Биотворог детский ФрутоНяня с Малиной 4.2% 100г,"43,99","29,99",31,https://img-dostavka.magnit.ru/resize/416x416/uf/c9f/c9f018d1e4b66a596eb03e2bb40dc5a4/0d2457813b1f94df24b633abb1db0a10.jpeg
Magnit,Москва,"Москва г, Пулковская ул, 2, помещ 4Н",Маргарин Чудесница Универсальный 55% 180г,"29,99",-,-,https://img-dostavka.magnit.ru/resize/416x416/uf/105/1052553ee5895433305453d4f82994bc/59c4252c6a7ec2886bc16a0f9ba24727.png
Magnit,Москва,"Москва г, Пулковская ул, 2, помещ 4Н",Кисломолочный продукт Актимуно земляника-шиповник с цинком 1.5% 95г,"29,99",-,-,https://img-dostavka.magnit.ru/resize/416x416/uf/be2/be2b690b224343295bcd66b867faf69a/cca420b1fda5d2b7a06ce323a29802ae.png
Magnit,Москва,"Москва г, Пулковская ул, 2, помещ 4Н",Биойогурт Актибио манго 3% 110г,"29,99",-,-,https://img-dostavka.magnit.ru/resize/416x416/uf/d94/d946aeb1f20c3b8fe9c2727cc65543c4/f16f775144b571dd486620a8bfa83cb4.png
Magnit,Москва,"Москва г, Пулковская ул, 2, помещ 4Н",Творог детский Агуша фруктовый Груша 3.9% 100г,"28,99",-,-,https://img-dostavka.magnit.ru/resize/416x416/uf/026/026ff6cac2b42b77908fd9cb6e36640b/c7e9a04be5dce4ccca6739a9d563af74.png
Magnit,Москва,"Москва г, Пулковская ул, 2, помещ 4Н",Молочный коктейль Angelato Клубника со сливками 2% 200г,"27,99",-,-,https://img-dostavka.magnit.ru/resize/416x416/uf/9d3/9d3a93f2f92984776a3b599e26fd6023/2d058510c6ff570285034e5a1b9f29f2.jpeg
Magnit,Москва,"Москва г, Пулковская ул, 2, помещ 4Н",Коктейль молочный Северная долина карамель 2.5% 200мл,"36,99","27,99",24,https://img-dostavka.magnit.ru/resize/416x416/uf/880/8805f55ef4998141692890be5821011e/4f7db639736fbd6327806f729eeadda1.png
Magnit,Москва,"Москва г, Пулковская ул, 2, помещ 4Н",Молочный коктейль Angelato Шоколадный 2% 200г,"27,99",-,-,https://img-dostavka.magnit.ru/resize/416x416/uf/ed5/ed55542f480bb6addc65b216960e51db/3e9448d1298a858478116b7f4512c784.jpeg
Magnit,Москва,"Москва г, Пулковская ул, 2, помещ 4Н",Коктейль молочный Северная долина с клубникой 2.5% 200мл,"36,99","26,99",27,https://img-dostavka.magnit.ru/resize/416x416/uf/012/0123301b8378904bcbe5f80d7fa5c18a/040e3ff7afefbc471b4f91c7a0d6ff85.png
Magnit,Москва,"Москва г, Пулковская ул, 2, помещ 4Н",Желе Растишка Мультифрукт Ананас Манго 100г,"24,99",-,-,https://img-dostavka.magnit.ru/resize/416x416/uf/689/6898a169ddced536268143f142859fa0/93312b7cecd520949ccbbe2273565942.png
Magnit,Москва,"Москва г, Пулковская ул, 2, помещ 4Н",Желе Растишка Вишня с натуральным соком 100г,"24,99",-,-,https://img-dostavka.magnit.ru/resize/416x416/uf/141/141cda5377a4685f95d6fe812880c0c6/0e14b1953c768292112b480b6d8f76f0.png
Magnit,Москва,"Москва г, Пулковская ул, 2, помещ 4Н",Продукт кисломолочный детский Actimel малиновое мороженое 1.5% 95г,"24,99",-,-,https://img-dostavka.magnit.ru/resize/416x416/uf/52f/52f092f2f84320a433d08e9933e7b241/b19da075e5d068084cfd5e37880ecf71.png
Magnit,Москва,"Москва г, Пулковская ул, 2, помещ 4Н",Паста творожная Суперкид Земляника 3.5% 110г,"23,99",-,-,https://img-dostavka.magnit.ru/resize/416x416/uf/804/8045af79c11d6014ad55d5940a9b0a4a/ee33d2b33a856f81bd2e46bddceea515.jpeg
Magnit,Москва,"Москва г, Пулковская ул, 2, помещ 4Н",Продукт йогуртный Campina Нежный с соком персика 1.2% 100г,"22,99",-,-,https://img-dostavka.magnit.ru/resize/416x416/uf/078/078d3ca3972a121393a6dc88481d1249/d0308aa401ac2f0c483069f223a36a51.png
Magnit,Москва,"Москва г, Пулковская ул, 2, помещ 4Н",Продукт йогуртный Campina Нежный с соком клубники 1.2% 100г,"22,99",-,-,https://img-dostavka.magnit.ru/resize/416x416/uf/d25/d254dd9bf66da7d411ba7cad997369d9/937054547696c43c3454837e38c7d994.png
Magnit,Москва,"Москва г, Пулковская ул, 2, помещ 4Н",Сырок творожный Сыркофф Ваниль 23% 40г,"21,99",-,-,https://img-dostavka.magnit.ru/resize/416x416/uf/462/4621d204400da5e8c5b1544caacdf36b/4325a59d52c9e9e87e4cb5c2ed1fe991.jpeg
Magnit,Москва,"Москва г, Пулковская ул, 2, помещ 4Н",Десерт Ростагроэкспорт творожный глазированный ваниль 15% 60г,"39,99","20,99",47,https://img-dostavka.magnit.ru/resize/416x416/uf/d33/d330f08209c5701702e4458f666c8f9a/06042ccafee6c4e990c39d05e9d84207.png
Magnit,Москва,"Москва г, Пулковская ул, 2, помещ 4Н",Молоко Волшебная долина с витамином 3.2% 200мл,"29,99","17,99",40,https://img-dostavka.magnit.ru/resize/416x416/uf/baf/baf255b7ac1bd155c632a5ae28a4d35b/598192761355a80b45c05676ff19d465.png
Magnit,Москва,"Москва г, Пулковская ул, 2, помещ 4Н",Продукт йогуртный Alpenland Лесная ягода Яблоко Груша 0.3% 95г,"16,99",-,-,https://img-dostavka.magnit.ru/resize/416x416/uf/b32/b3274ec26d4b260fb405d39eed19d416/d986fde0a0ba331e531c7d96f5b52423.jpeg
Magnit,Москва,"Москва г, Пулковская ул, 2, помещ 4Н",Продукт йогуртный Alpenland Клубника Персик Маракуйя 0.3% 95г,"16,99",-,-,https://img-dostavka.magnit.ru/resize/416x416/uf/d61/d61d893733a1efa6a72508b4b930dd72/366511bd496e9e97eddd132ca6173947.jpeg
